held_out_date,session_dir,person_id,model,k_windows,elapsed_s,correct
2026-09-15,authorized/2026-09-15/20260915_151030_anjali,anjali,svm,10,8.099931,1
2026-09-15,authorized/2026-09-15/20260915_151030_anjali,anjali,random_forest,10,8.099931,1
2026-09-15,authorized/2026-09-15/20260915_151030_anjali,anjali,hist_gradient_boost,10,8.099931,1
2026-09-15,authorized/2026-09-15/20260915_151030_anjali,anjali,cnn_bilstm,10,8.099931,1
2026-09-15,authorized/2026-09-15/20260915_151030_anjali,anjali,cnn_attention,10,8.099931,1
2026-09-15,authorized/2026-09-15/20260915_151030_anjali,anjali,ensemble,10,8.099931,1
2026-09-15,authorized/2026-09-15/20260915_151030_anjali,anjali,svm,30,17.537785,1
2026-09-15,authorized/2026-09-15/20260915_151030_anjali,anjali,random_forest,30,17.537785,1
2026-09-15,authorized/2026-09-15/20260915_151030_anjali,anjali,hist_gradient_boost,30,17.537785,1
2026-09-15,authorized/2026-09-15/20260915_151030_anjali,anjali,cnn_bilstm,30,17.537785,1
2026-09-15,authorized/2026-09-15/20260915_151030_anjali,anjali,cnn_attention,30,17.537785,0
2026-09-15,authorized/2026-09-15/20260915_151030_anjali,anjali,ensemble,30,17.537785,1
2026-09-15,authorized/2026-09-15/20260915_151030_anjali,anjali,svm,45,23.392056,1
2026-09-15,authorized/2026-09-15/20260915_151030_anjali,anjali,random_forest,45,23.392056,1
2026-09-15,authorized/2026-09-15/20260915_151030_anjali,anjali,hist_gradient_boost,45,23.392056,1
2026-09-15,authorized/2026-09-15/20260915_151030_anjali,anjali,cnn_bilstm,45,23.392056,1
2026-09-15,authorized/2026-09-15/20260915_151030_anjali,anjali,cnn_attention,45,23.392056,0
2026-09-15,authorized/2026-09-15/20260915_151030_anjali,anjali,ensemble,45,23.392056,1
2026-09-15,authorized/2026-09-15/20260915_151030_anjali,anjali,svm,60,30.303617,1
2026-09-15,authorized/2026-09-15/20260915_151030_anjali,anjali,random_forest,60,30.303617,1
2026-09-15,authorized/2026-09-15/20260915_151030_anjali,anjali,hist_gradient_boost,60,30.303617,1
2026-09-15,authorized/2026-09-15/20260915_151030_anjali,anjali,cnn_bilstm,60,30.303617,1
2026-09-15,authorized/2026-09-15/20260915_151030_anjali,anjali,cnn_attention,60,30.303617,0
2026-09-15,authorized/2026-09-15/20260915_151030_anjali,anjali,ensemble,60,30.303617,1
2026-09-15,authorized/2026-09-15/20260915_151030_anjali,anjali,svm,90,42.981412,1
2026-09-15,authorized/2026-09-15/20260915_151030_anjali,anjali,random_forest,90,42.981412,1
2026-09-15,authorized/2026-09-15/20260915_151030_anjali,anjali,hist_gradient_boost,90,42.981412,1
2026-09-15,authorized/2026-09-15/20260915_151030_anjali,anjali,cnn_bilstm,90,42.981412,1
2026-09-15,authorized/2026-09-15/20260915_151030_anjali,anjali,cnn_attention,90,42.981412,1
2026-09-15,authorized/2026-09-15/20260915_151030_anjali,anjali,ensemble,90,42.981412,1
2026-09-15,authorized/2026-09-15/20260915_151030_anjali,anjali,svm,120,56.379593,1
2026-09-15,authorized/2026-09-15/20260915_151030_anjali,anjali,random_forest,120,56.379593,1
2026-09-15,authorized/2026-09-15/20260915_151030_anjali,anjali,hist_gradient_boost,120,56.379593,1
2026-09-15,authorized/2026-09-15/20260915_151030_anjali,anjali,cnn_bilstm,120,56.379593,1
2026-09-15,authorized/2026-09-15/20260915_151030_anjali,anjali,cnn_attention,120,56.379593,1
2026-09-15,authorized/2026-09-15/20260915_151030_anjali,anjali,ensemble,120,56.379593,1
2026-09-15,authorized/2026-09-15/20260915_151030_anjali,anjali,svm,150,69.561824,1
2026-09-15,authorized/2026-09-15/20260915_151030_anjali,anjali,random_forest,150,69.561824,1
2026-09-15,authorized/2026-09-15/20260915_151030_anjali,anjali,hist_gradient_boost,150,69.561824,1
2026-09-15,authorized/2026-09-15/20260915_151030_anjali,anjali,cnn_bilstm,150,69.561824,1
2026-09-15,authorized/2026-09-15/20260915_151030_anjali,anjali,cnn_attention,150,69.561824,1
2026-09-15,authorized/2026-09-15/20260915_151030_anjali,anjali,ensemble,150,69.561824,1
2026-09-15,authorized/2026-09-15/20260915_151030_anjali,anjali,svm,200,94.894707,1
2026-09-15,authorized/2026-09-15/20260915_151030_anjali,anjali,random_forest,200,94.894707,1
2026-09-15,authorized/2026-09-15/20260915_151030_anjali,anjali,hist_gradient_boost,200,94.894707,1
2026-09-15,authorized/2026-09-15/20260915_151030_anjali,anjali,cnn_bilstm,200,94.894707,1
2026-09-15,authorized/2026-09-15/20260915_151030_anjali,anjali,cnn_attention,200,94.894707,1
2026-09-15,authorized/2026-09-15/20260915_151030_anjali,anjali,ensemble,200,94.894707,1
2026-09-15,authorized/2026-09-15/20260915_151030_anjali,anjali,svm,300,138.11321,1
2026-09-15,authorized/2026-09-15/20260915_151030_anjali,anjali,random_forest,300,138.11321,1
2026-09-15,authorized/2026-09-15/20260915_151030_anjali,anjali,hist_gradient_boost,300,138.11321,1
2026-09-15,authorized/2026-09-15/20260915_151030_anjali,anjali,cnn_bilstm,300,138.11321,1
2026-09-15,authorized/2026-09-15/20260915_151030_anjali,anjali,cnn_attention,300,138.11321,1
2026-09-15,authorized/2026-09-15/20260915_151030_anjali,anjali,ensemble,300,138.11321,1
2026-09-15,authorized/2026-09-15/20260915_153434_anjali,anjali,svm,10,6.6457,1
2026-09-15,authorized/2026-09-15/20260915_153434_anjali,anjali,random_forest,10,6.6457,1
2026-09-15,authorized/2026-09-15/20260915_153434_anjali,anjali,hist_gradient_boost,10,6.6457,1
2026-09-15,authorized/2026-09-15/20260915_153434_anjali,anjali,cnn_bilstm,10,6.6457,1
2026-09-15,authorized/2026-09-15/20260915_153434_anjali,anjali,cnn_attention,10,6.6457,1
2026-09-15,authorized/2026-09-15/20260915_153434_anjali,anjali,ensemble,10,6.6457,1
2026-09-15,authorized/2026-09-15/20260915_153434_anjali,anjali,svm,30,19.219276,1
2026-09-15,authorized/2026-09-15/20260915_153434_anjali,anjali,random_forest,30,19.219276,1
2026-09-15,authorized/2026-09-15/20260915_153434_anjali,anjali,hist_gradient_boost,30,19.219276,1
2026-09-15,authorized/2026-09-15/20260915_153434_anjali,anjali,cnn_bilstm,30,19.219276,1
2026-09-15,authorized/2026-09-15/20260915_153434_anjali,anjali,cnn_attention,30,19.219276,0
2026-09-15,authorized/2026-09-15/20260915_153434_anjali,anjali,ensemble,30,19.219276,1
2026-09-15,authorized/2026-09-15/20260915_153434_anjali,anjali,svm,45,29.508697,1
2026-09-15,authorized/2026-09-15/20260915_153434_anjali,anjali,random_forest,45,29.508697,1
2026-09-15,authorized/2026-09-15/20260915_153434_anjali,anjali,hist_gradient_boost,45,29.508697,1
2026-09-15,authorized/2026-09-15/20260915_153434_anjali,anjali,cnn_bilstm,45,29.508697,1
2026-09-15,authorized/2026-09-15/20260915_153434_anjali,anjali,cnn_attention,45,29.508697,0
2026-09-15,authorized/2026-09-15/20260915_153434_anjali,anjali,ensemble,45,29.508697,1
2026-09-15,authorized/2026-09-15/20260915_153434_anjali,anjali,svm,60,38.892187,1
2026-09-15,authorized/2026-09-15/20260915_153434_anjali,anjali,random_forest,60,38.892187,1
2026-09-15,authorized/2026-09-15/20260915_153434_anjali,anjali,hist_gradient_boost,60,38.892187,1
2026-09-15,authorized/2026-09-15/20260915_153434_anjali,anjali,cnn_bilstm,60,38.892187,1
2026-09-15,authorized/2026-09-15/20260915_153434_anjali,anjali,cnn_attention,60,38.892187,0
2026-09-15,authorized/2026-09-15/20260915_153434_anjali,anjali,ensemble,60,38.892187,1
2026-09-15,authorized/2026-09-15/20260915_153434_anjali,anjali,svm,90,51.317357,1
2026-09-15,authorized/2026-09-15/20260915_153434_anjali,anjali,random_forest,90,51.317357,1
2026-09-15,authorized/2026-09-15/20260915_153434_anjali,anjali,hist_gradient_boost,90,51.317357,1
2026-09-15,authorized/2026-09-15/20260915_153434_anjali,anjali,cnn_bilstm,90,51.317357,1
2026-09-15,authorized/2026-09-15/20260915_153434_anjali,anjali,cnn_attention,90,51.317357,1
2026-09-15,authorized/2026-09-15/20260915_153434_anjali,anjali,ensemble,90,51.317357,1
2026-09-15,authorized/2026-09-15/20260915_153434_anjali,anjali,svm,120,59.531792,1
2026-09-15,authorized/2026-09-15/20260915_153434_anjali,anjali,random_forest,120,59.531792,0
2026-09-15,authorized/2026-09-15/20260915_153434_anjali,anjali,hist_gradient_boost,120,59.531792,1
2026-09-15,authorized/2026-09-15/20260915_153434_anjali,anjali,cnn_bilstm,120,59.531792,1
2026-09-15,authorized/2026-09-15/20260915_153434_anjali,anjali,cnn_attention,120,59.531792,1
2026-09-15,authorized/2026-09-15/20260915_153434_anjali,anjali,ensemble,120,59.531792,1
2026-09-15,authorized/2026-09-15/20260915_153434_anjali,anjali,svm,150,70.553311,1
2026-09-15,authorized/2026-09-15/20260915_153434_anjali,anjali,random_forest,150,70.553311,0
2026-09-15,authorized/2026-09-15/20260915_153434_anjali,anjali,hist_gradient_boost,150,70.553311,1
2026-09-15,authorized/2026-09-15/20260915_153434_anjali,anjali,cnn_bilstm,150,70.553311,1
2026-09-15,authorized/2026-09-15/20260915_153434_anjali,anjali,cnn_attention,150,70.553311,1
2026-09-15,authorized/2026-09-15/20260915_153434_anjali,anjali,ensemble,150,70.553311,1
2026-09-15,authorized/2026-09-15/20260915_153434_anjali,anjali,svm,200,103.025783,1
2026-09-15,authorized/2026-09-15/20260915_153434_anjali,anjali,random_forest,200,103.025783,0
2026-09-15,authorized/2026-09-15/20260915_153434_anjali,anjali,hist_gradient_boost,200,103.025783,1
2026-09-15,authorized/2026-09-15/20260915_153434_anjali,anjali,cnn_bilstm,200,103.025783,1
2026-09-15,authorized/2026-09-15/20260915_153434_anjali,anjali,cnn_attention,200,103.025783,1
2026-09-15,authorized/2026-09-15/20260915_153434_anjali,anjali,ensemble,200,103.025783,1
2026-09-15,authorized/2026-09-15/20260915_153434_anjali,anjali,svm,300,145.981988,1
2026-09-15,authorized/2026-09-15/20260915_153434_anjali,anjali,random_forest,300,145.981988,1
2026-09-15,authorized/2026-09-15/20260915_153434_anjali,anjali,hist_gradient_boost,300,145.981988,1
2026-09-15,authorized/2026-09-15/20260915_153434_anjali,anjali,cnn_bilstm,300,145.981988,1
2026-09-15,authorized/2026-09-15/20260915_153434_anjali,anjali,cnn_attention,300,145.981988,1
2026-09-15,authorized/2026-09-15/20260915_153434_anjali,anjali,ensemble,300,145.981988,1
2026-09-15,authorized/2026-09-15/20260915_153933_anjali,anjali,svm,10,4.779959,1
2026-09-15,authorized/2026-09-15/20260915_153933_anjali,anjali,random_forest,10,4.779959,1
2026-09-15,authorized/2026-09-15/20260915_153933_anjali,anjali,hist_gradient_boost,10,4.779959,1
2026-09-15,authorized/2026-09-15/20260915_153933_anjali,anjali,cnn_bilstm,10,4.779959,1
2026-09-15,authorized/2026-09-15/20260915_153933_anjali,anjali,cnn_attention,10,4.779959,0
2026-09-15,authorized/2026-09-15/20260915_153933_anjali,anjali,ensemble,10,4.779959,1
2026-09-15,authorized/2026-09-15/20260915_153933_anjali,anjali,svm,30,14.103593,1
2026-09-15,authorized/2026-09-15/20260915_153933_anjali,anjali,random_forest,30,14.103593,1
2026-09-15,authorized/2026-09-15/20260915_153933_anjali,anjali,hist_gradient_boost,30,14.103593,1
2026-09-15,authorized/2026-09-15/20260915_153933_anjali,anjali,cnn_bilstm,30,14.103593,1
2026-09-15,authorized/2026-09-15/20260915_153933_anjali,anjali,cnn_attention,30,14.103593,1
2026-09-15,authorized/2026-09-15/20260915_153933_anjali,anjali,ensemble,30,14.103593,1
2026-09-15,authorized/2026-09-15/20260915_153933_anjali,anjali,svm,45,20.210739,1
2026-09-15,authorized/2026-09-15/20260915_153933_anjali,anjali,random_forest,45,20.210739,1
2026-09-15,authorized/2026-09-15/20260915_153933_anjali,anjali,hist_gradient_boost,45,20.210739,1
2026-09-15,authorized/2026-09-15/20260915_153933_anjali,anjali,cnn_bilstm,45,20.210739,1
2026-09-15,authorized/2026-09-15/20260915_153933_anjali,anjali,cnn_attention,45,20.210739,1
2026-09-15,authorized/2026-09-15/20260915_153933_anjali,anjali,ensemble,45,20.210739,1
2026-09-15,authorized/2026-09-15/20260915_153933_anjali,anjali,svm,60,26.881324,1
2026-09-15,authorized/2026-09-15/20260915_153933_anjali,anjali,random_forest,60,26.881324,1
2026-09-15,authorized/2026-09-15/20260915_153933_anjali,anjali,hist_gradient_boost,60,26.881324,1
2026-09-15,authorized/2026-09-15/20260915_153933_anjali,anjali,cnn_bilstm,60,26.881324,1
2026-09-15,authorized/2026-09-15/20260915_153933_anjali,anjali,cnn_attention,60,26.881324,0
2026-09-15,authorized/2026-09-15/20260915_153933_anjali,anjali,ensemble,60,26.881324,1
2026-09-15,authorized/2026-09-15/20260915_153933_anjali,anjali,svm,90,40.404991,1
2026-09-15,authorized/2026-09-15/20260915_153933_anjali,anjali,random_forest,90,40.404991,1
2026-09-15,authorized/2026-09-15/20260915_153933_anjali,anjali,hist_gradient_boost,90,40.404991,1
2026-09-15,authorized/2026-09-15/20260915_153933_anjali,anjali,cnn_bilstm,90,40.404991,1
2026-09-15,authorized/2026-09-15/20260915_153933_anjali,anjali,cnn_attention,90,40.404991,1
2026-09-15,authorized/2026-09-15/20260915_153933_anjali,anjali,ensemble,90,40.404991,1
2026-09-15,authorized/2026-09-15/20260915_153933_anjali,anjali,svm,120,54.820119,1
2026-09-15,authorized/2026-09-15/20260915_153933_anjali,anjali,random_forest,120,54.820119,1
2026-09-15,authorized/2026-09-15/20260915_153933_anjali,anjali,hist_gradient_boost,120,54.820119,1
2026-09-15,authorized/2026-09-15/20260915_153933_anjali,anjali,cnn_bilstm,120,54.820119,1
2026-09-15,authorized/2026-09-15/20260915_153933_anjali,anjali,cnn_attention,120,54.820119,0
2026-09-15,authorized/2026-09-15/20260915_153933_anjali,anjali,ensemble,120,54.820119,1
2026-09-15,authorized/2026-09-15/20260915_153933_anjali,anjali,svm,150,68.826973,1
2026-09-15,authorized/2026-09-15/20260915_153933_anjali,anjali,random_forest,150,68.826973,1
2026-09-15,authorized/2026-09-15/20260915_153933_anjali,anjali,hist_gradient_boost,150,68.826973,1
2026-09-15,authorized/2026-09-15/20260915_153933_anjali,anjali,cnn_bilstm,150,68.826973,1
2026-09-15,authorized/2026-09-15/20260915_153933_anjali,anjali,cnn_attention,150,68.826973,0
2026-09-15,authorized/2026-09-15/20260915_153933_anjali,anjali,ensemble,150,68.826973,1
2026-09-15,authorized/2026-09-15/20260915_153933_anjali,anjali,svm,200,92.613845,1
2026-09-15,authorized/2026-09-15/20260915_153933_anjali,anjali,random_forest,200,92.613845,1
2026-09-15,authorized/2026-09-15/20260915_153933_anjali,anjali,hist_gradient_boost,200,92.613845,1
2026-09-15,authorized/2026-09-15/20260915_153933_anjali,anjali,cnn_bilstm,200,92.613845,1
2026-09-15,authorized/2026-09-15/20260915_153933_anjali,anjali,cnn_attention,200,92.613845,1
2026-09-15,authorized/2026-09-15/20260915_153933_anjali,anjali,ensemble,200,92.613845,1
2026-09-15,authorized/2026-09-15/20260915_153933_anjali,anjali,svm,300,142.041143,1
2026-09-15,authorized/2026-09-15/20260915_153933_anjali,anjali,random_forest,300,142.041143,1
2026-09-15,authorized/2026-09-15/20260915_153933_anjali,anjali,hist_gradient_boost,300,142.041143,1
2026-09-15,authorized/2026-09-15/20260915_153933_anjali,anjali,cnn_bilstm,300,142.041143,1
2026-09-15,authorized/2026-09-15/20260915_153933_anjali,anjali,cnn_attention,300,142.041143,1
2026-09-15,authorized/2026-09-15/20260915_153933_anjali,anjali,ensemble,300,142.041143,1
2026-09-15,authorized/2026-09-15/20260915_154548_barath,barath,svm,10,5.893862,0
2026-09-15,authorized/2026-09-15/20260915_154548_barath,barath,random_forest,10,5.893862,0
2026-09-15,authorized/2026-09-15/20260915_154548_barath,barath,hist_gradient_boost,10,5.893862,1
2026-09-15,authorized/2026-09-15/20260915_154548_barath,barath,cnn_bilstm,10,5.893862,0
2026-09-15,authorized/2026-09-15/20260915_154548_barath,barath,cnn_attention,10,5.893862,1
2026-09-15,authorized/2026-09-15/20260915_154548_barath,barath,ensemble,10,5.893862,1
2026-09-15,authorized/2026-09-15/20260915_154548_barath,barath,svm,30,28.245649,1
2026-09-15,authorized/2026-09-15/20260915_154548_barath,barath,random_forest,30,28.245649,1
2026-09-15,authorized/2026-09-15/20260915_154548_barath,barath,hist_gradient_boost,30,28.245649,1
2026-09-15,authorized/2026-09-15/20260915_154548_barath,barath,cnn_bilstm,30,28.245649,1
2026-09-15,authorized/2026-09-15/20260915_154548_barath,barath,cnn_attention,30,28.245649,1
2026-09-15,authorized/2026-09-15/20260915_154548_barath,barath,ensemble,30,28.245649,1
2026-09-15,authorized/2026-09-15/20260915_154548_barath,barath,svm,45,35.976619,1
2026-09-15,authorized/2026-09-15/20260915_154548_barath,barath,random_forest,45,35.976619,1
2026-09-15,authorized/2026-09-15/20260915_154548_barath,barath,hist_gradient_boost,45,35.976619,1
2026-09-15,authorized/2026-09-15/20260915_154548_barath,barath,cnn_bilstm,45,35.976619,1
2026-09-15,authorized/2026-09-15/20260915_154548_barath,barath,cnn_attention,45,35.976619,1
2026-09-15,authorized/2026-09-15/20260915_154548_barath,barath,ensemble,45,35.976619,1
2026-09-15,authorized/2026-09-15/20260915_154548_barath,barath,svm,60,43.195212,1
2026-09-15,authorized/2026-09-15/20260915_154548_barath,barath,random_forest,60,43.195212,1
2026-09-15,authorized/2026-09-15/20260915_154548_barath,barath,hist_gradient_boost,60,43.195212,1
2026-09-15,authorized/2026-09-15/20260915_154548_barath,barath,cnn_bilstm,60,43.195212,1
2026-09-15,authorized/2026-09-15/20260915_154548_barath,barath,cnn_attention,60,43.195212,1
2026-09-15,authorized/2026-09-15/20260915_154548_barath,barath,ensemble,60,43.195212,1
2026-09-15,authorized/2026-09-15/20260915_154548_barath,barath,svm,90,58.713176,1
2026-09-15,authorized/2026-09-15/20260915_154548_barath,barath,random_forest,90,58.713176,1
2026-09-15,authorized/2026-09-15/20260915_154548_barath,barath,hist_gradient_boost,90,58.713176,0
2026-09-15,authorized/2026-09-15/20260915_154548_barath,barath,cnn_bilstm,90,58.713176,1
2026-09-15,authorized/2026-09-15/20260915_154548_barath,barath,cnn_attention,90,58.713176,1
2026-09-15,authorized/2026-09-15/20260915_154548_barath,barath,ensemble,90,58.713176,1
2026-09-15,authorized/2026-09-15/20260915_154548_barath,barath,svm,120,79.063343,0
2026-09-15,authorized/2026-09-15/20260915_154548_barath,barath,random_forest,120,79.063343,1
2026-09-15,authorized/2026-09-15/20260915_154548_barath,barath,hist_gradient_boost,120,79.063343,0
2026-09-15,authorized/2026-09-15/20260915_154548_barath,barath,cnn_bilstm,120,79.063343,0
2026-09-15,authorized/2026-09-15/20260915_154548_barath,barath,cnn_attention,120,79.063343,1
2026-09-15,authorized/2026-09-15/20260915_154548_barath,barath,ensemble,120,79.063343,0
2026-09-15,authorized/2026-09-15/20260915_154548_barath,barath,svm,150,93.706821,0
2026-09-15,authorized/2026-09-15/20260915_154548_barath,barath,random_forest,150,93.706821,0
2026-09-15,authorized/2026-09-15/20260915_154548_barath,barath,hist_gradient_boost,150,93.706821,0
2026-09-15,authorized/2026-09-15/20260915_154548_barath,barath,cnn_bilstm,150,93.706821,0
2026-09-15,authorized/2026-09-15/20260915_154548_barath,barath,cnn_attention,150,93.706821,1
2026-09-15,authorized/2026-09-15/20260915_154548_barath,barath,ensemble,150,93.706821,0
2026-09-15,authorized/2026-09-15/20260915_154548_barath,barath,svm,200,117.845529,0
2026-09-15,authorized/2026-09-15/20260915_154548_barath,barath,random_forest,200,117.845529,1
2026-09-15,authorized/2026-09-15/20260915_154548_barath,barath,hist_gradient_boost,200,117.845529,0
2026-09-15,authorized/2026-09-15/20260915_154548_barath,barath,cnn_bilstm,200,117.845529,0
2026-09-15,authorized/2026-09-15/20260915_154548_barath,barath,cnn_attention,200,117.845529,1
2026-09-15,authorized/2026-09-15/20260915_154548_barath,barath,ensemble,200,117.845529,0
2026-09-15,authorized/2026-09-15/20260915_154548_barath,barath,svm,300,170.04492,0
2026-09-15,authorized/2026-09-15/20260915_154548_barath,barath,random_forest,300,170.04492,1
2026-09-15,authorized/2026-09-15/20260915_154548_barath,barath,hist_gradient_boost,300,170.04492,0
2026-09-15,authorized/2026-09-15/20260915_154548_barath,barath,cnn_bilstm,300,170.04492,1
2026-09-15,authorized/2026-09-15/20260915_154548_barath,barath,cnn_attention,300,170.04492,1
2026-09-15,authorized/2026-09-15/20260915_154548_barath,barath,ensemble,300,170.04492,1
2026-09-15,authorized/2026-09-15/20260915_155004_barath,barath,svm,10,4.78401,0
2026-09-15,authorized/2026-09-15/20260915_155004_barath,barath,random_forest,10,4.78401,1
2026-09-15,authorized/2026-09-15/20260915_155004_barath,barath,hist_gradient_boost,10,4.78401,1
2026-09-15,authorized/2026-09-15/20260915_155004_barath,barath,cnn_bilstm,10,4.78401,1
2026-09-15,authorized/2026-09-15/20260915_155004_barath,barath,cnn_attention,10,4.78401,1
2026-09-15,authorized/2026-09-15/20260915_155004_barath,barath,ensemble,10,4.78401,1
2026-09-15,authorized/2026-09-15/20260915_155004_barath,barath,svm,30,14.313274,1
2026-09-15,authorized/2026-09-15/20260915_155004_barath,barath,random_forest,30,14.313274,1
2026-09-15,authorized/2026-09-15/20260915_155004_barath,barath,hist_gradient_boost,30,14.313274,1
2026-09-15,authorized/2026-09-15/20260915_155004_barath,barath,cnn_bilstm,30,14.313274,1
2026-09-15,authorized/2026-09-15/20260915_155004_barath,barath,cnn_attention,30,14.313274,1
2026-09-15,authorized/2026-09-15/20260915_155004_barath,barath,ensemble,30,14.313274,1
2026-09-15,authorized/2026-09-15/20260915_155004_barath,barath,svm,45,20.991574,1
2026-09-15,authorized/2026-09-15/20260915_155004_barath,barath,random_forest,45,20.991574,1
2026-09-15,authorized/2026-09-15/20260915_155004_barath,barath,hist_gradient_boost,45,20.991574,1
2026-09-15,authorized/2026-09-15/20260915_155004_barath,barath,cnn_bilstm,45,20.991574,1
2026-09-15,authorized/2026-09-15/20260915_155004_barath,barath,cnn_attention,45,20.991574,1
2026-09-15,authorized/2026-09-15/20260915_155004_barath,barath,ensemble,45,20.991574,1
2026-09-15,authorized/2026-09-15/20260915_155004_barath,barath,svm,60,28.768437,1
2026-09-15,authorized/2026-09-15/20260915_155004_barath,barath,random_forest,60,28.768437,1
2026-09-15,authorized/2026-09-15/20260915_155004_barath,barath,hist_gradient_boost,60,28.768437,1
2026-09-15,authorized/2026-09-15/20260915_155004_barath,barath,cnn_bilstm,60,28.768437,1
2026-09-15,authorized/2026-09-15/20260915_155004_barath,barath,cnn_attention,60,28.768437,1
2026-09-15,authorized/2026-09-15/20260915_155004_barath,barath,ensemble,60,28.768437,1
2026-09-15,authorized/2026-09-15/20260915_155004_barath,barath,svm,90,45.319742,1
2026-09-15,authorized/2026-09-15/20260915_155004_barath,barath,random_forest,90,45.319742,1
2026-09-15,authorized/2026-09-15/20260915_155004_barath,barath,hist_gradient_boost,90,45.319742,1
2026-09-15,authorized/2026-09-15/20260915_155004_barath,barath,cnn_bilstm,90,45.319742,1
2026-09-15,authorized/2026-09-15/20260915_155004_barath,barath,cnn_attention,90,45.319742,1
2026-09-15,authorized/2026-09-15/20260915_155004_barath,barath,ensemble,90,45.319742,1
2026-09-15,authorized/2026-09-15/20260915_155004_barath,barath,svm,120,66.55239,1
2026-09-15,authorized/2026-09-15/20260915_155004_barath,barath,random_forest,120,66.55239,1
2026-09-15,authorized/2026-09-15/20260915_155004_barath,barath,hist_gradient_boost,120,66.55239,1
2026-09-15,authorized/2026-09-15/20260915_155004_barath,barath,cnn_bilstm,120,66.55239,1
2026-09-15,authorized/2026-09-15/20260915_155004_barath,barath,cnn_attention,120,66.55239,1
2026-09-15,authorized/2026-09-15/20260915_155004_barath,barath,ensemble,120,66.55239,1
2026-09-15,authorized/2026-09-15/20260915_155004_barath,barath,svm,150,86.53043,1
2026-09-15,authorized/2026-09-15/20260915_155004_barath,barath,random_forest,150,86.53043,1
2026-09-15,authorized/2026-09-15/20260915_155004_barath,barath,hist_gradient_boost,150,86.53043,1
2026-09-15,authorized/2026-09-15/20260915_155004_barath,barath,cnn_bilstm,150,86.53043,1
2026-09-15,authorized/2026-09-15/20260915_155004_barath,barath,cnn_attention,150,86.53043,1
2026-09-15,authorized/2026-09-15/20260915_155004_barath,barath,ensemble,150,86.53043,1
2026-09-15,authorized/2026-09-15/20260915_155004_barath,barath,svm,200,120.714431,1
2026-09-15,authorized/2026-09-15/20260915_155004_barath,barath,random_forest,200,120.714431,1
2026-09-15,authorized/2026-09-15/20260915_155004_barath,barath,hist_gradient_boost,200,120.714431,1
2026-09-15,authorized/2026-09-15/20260915_155004_barath,barath,cnn_bilstm,200,120.714431,1
2026-09-15,authorized/2026-09-15/20260915_155004_barath,barath,cnn_attention,200,120.714431,1
2026-09-15,authorized/2026-09-15/20260915_155004_barath,barath,ensemble,200,120.714431,1
2026-09-15,authorized/2026-09-15/20260915_155004_barath,barath,svm,300,188.551114,1
2026-09-15,authorized/2026-09-15/20260915_155004_barath,barath,random_forest,300,188.551114,1
2026-09-15,authorized/2026-09-15/20260915_155004_barath,barath,hist_gradient_boost,300,188.551114,1
2026-09-15,authorized/2026-09-15/20260915_155004_barath,barath,cnn_bilstm,300,188.551114,1
2026-09-15,authorized/2026-09-15/20260915_155004_barath,barath,cnn_attention,300,188.551114,1
2026-09-15,authorized/2026-09-15/20260915_155004_barath,barath,ensemble,300,188.551114,1
2026-09-15,authorized/2026-09-15/20260915_160607_anjali,anjali,svm,10,6.862345,1
2026-09-15,authorized/2026-09-15/20260915_160607_anjali,anjali,random_forest,10,6.862345,1
2026-09-15,authorized/2026-09-15/20260915_160607_anjali,anjali,hist_gradient_boost,10,6.862345,1
2026-09-15,authorized/2026-09-15/20260915_160607_anjali,anjali,cnn_bilstm,10,6.862345,1
2026-09-15,authorized/2026-09-15/20260915_160607_anjali,anjali,cnn_attention,10,6.862345,1
2026-09-15,authorized/2026-09-15/20260915_160607_anjali,anjali,ensemble,10,6.862345,1
2026-09-15,authorized/2026-09-15/20260915_160607_anjali,anjali,svm,30,21.095559,1
2026-09-15,authorized/2026-09-15/20260915_160607_anjali,anjali,random_forest,30,21.095559,1
2026-09-15,authorized/2026-09-15/20260915_160607_anjali,anjali,hist_gradient_boost,30,21.095559,1
2026-09-15,authorized/2026-09-15/20260915_160607_anjali,anjali,cnn_bilstm,30,21.095559,1
2026-09-15,authorized/2026-09-15/20260915_160607_anjali,anjali,cnn_attention,30,21.095559,1
2026-09-15,authorized/2026-09-15/20260915_160607_anjali,anjali,ensemble,30,21.095559,1
2026-09-15,authorized/2026-09-15/20260915_160607_anjali,anjali,svm,45,32.576226,1
2026-09-15,authorized/2026-09-15/20260915_160607_anjali,anjali,random_forest,45,32.576226,1
2026-09-15,authorized/2026-09-15/20260915_160607_anjali,anjali,hist_gradient_boost,45,32.576226,1
2026-09-15,authorized/2026-09-15/20260915_160607_anjali,anjali,cnn_bilstm,45,32.576226,1
2026-09-15,authorized/2026-09-15/20260915_160607_anjali,anjali,cnn_attention,45,32.576226,1
2026-09-15,authorized/2026-09-15/20260915_160607_anjali,anjali,ensemble,45,32.576226,1
2026-09-15,authorized/2026-09-15/20260915_160607_anjali,anjali,svm,60,42.933474,1
2026-09-15,authorized/2026-09-15/20260915_160607_anjali,anjali,random_forest,60,42.933474,1
2026-09-15,authorized/2026-09-15/20260915_160607_anjali,anjali,hist_gradient_boost,60,42.933474,1
2026-09-15,authorized/2026-09-15/20260915_160607_anjali,anjali,cnn_bilstm,60,42.933474,1
2026-09-15,authorized/2026-09-15/20260915_160607_anjali,anjali,cnn_attention,60,42.933474,1
2026-09-15,authorized/2026-09-15/20260915_160607_anjali,anjali,ensemble,60,42.933474,1
2026-09-15,authorized/2026-09-15/20260915_160607_anjali,anjali,svm,90,64.803123,1
2026-09-15,authorized/2026-09-15/20260915_160607_anjali,anjali,random_forest,90,64.803123,1
2026-09-15,authorized/2026-09-15/20260915_160607_anjali,anjali,hist_gradient_boost,90,64.803123,1
2026-09-15,authorized/2026-09-15/20260915_160607_anjali,anjali,cnn_bilstm,90,64.803123,1
2026-09-15,authorized/2026-09-15/20260915_160607_anjali,anjali,cnn_attention,90,64.803123,1
2026-09-15,authorized/2026-09-15/20260915_160607_anjali,anjali,ensemble,90,64.803123,1
2026-09-15,authorized/2026-09-15/20260915_160607_anjali,anjali,svm,120,87.163768,1
2026-09-15,authorized/2026-09-15/20260915_160607_anjali,anjali,random_forest,120,87.163768,1
2026-09-15,authorized/2026-09-15/20260915_160607_anjali,anjali,hist_gradient_boost,120,87.163768,1
2026-09-15,authorized/2026-09-15/20260915_160607_anjali,anjali,cnn_bilstm,120,87.163768,1
2026-09-15,authorized/2026-09-15/20260915_160607_anjali,anjali,cnn_attention,120,87.163768,1
2026-09-15,authorized/2026-09-15/20260915_160607_anjali,anjali,ensemble,120,87.163768,1
2026-09-15,authorized/2026-09-15/20260915_160607_anjali,anjali,svm,150,108.155083,1
2026-09-15,authorized/2026-09-15/20260915_160607_anjali,anjali,random_forest,150,108.155083,1
2026-09-15,authorized/2026-09-15/20260915_160607_anjali,anjali,hist_gradient_boost,150,108.155083,1
2026-09-15,authorized/2026-09-15/20260915_160607_anjali,anjali,cnn_bilstm,150,108.155083,1
2026-09-15,authorized/2026-09-15/20260915_160607_anjali,anjali,cnn_attention,150,108.155083,1
2026-09-15,authorized/2026-09-15/20260915_160607_anjali,anjali,ensemble,150,108.155083,1
2026-09-15,authorized/2026-09-15/20260915_160607_anjali,anjali,svm,200,146.294808,1
2026-09-15,authorized/2026-09-15/20260915_160607_anjali,anjali,random_forest,200,146.294808,1
2026-09-15,authorized/2026-09-15/20260915_160607_anjali,anjali,hist_gradient_boost,200,146.294808,1
2026-09-15,authorized/2026-09-15/20260915_160607_anjali,anjali,cnn_bilstm,200,146.294808,1
2026-09-15,authorized/2026-09-15/20260915_160607_anjali,anjali,cnn_attention,200,146.294808,1
2026-09-15,authorized/2026-09-15/20260915_160607_anjali,anjali,ensemble,200,146.294808,1
2026-09-15,authorized/2026-09-15/20260915_160607_anjali,anjali,svm,300,212.585087,1
2026-09-15,authorized/2026-09-15/20260915_160607_anjali,anjali,random_forest,300,212.585087,1
2026-09-15,authorized/2026-09-15/20260915_160607_anjali,anjali,hist_gradient_boost,300,212.585087,1
2026-09-15,authorized/2026-09-15/20260915_160607_anjali,anjali,cnn_bilstm,300,212.585087,1
2026-09-15,authorized/2026-09-15/20260915_160607_anjali,anjali,cnn_attention,300,212.585087,1
2026-09-15,authorized/2026-09-15/20260915_160607_anjali,anjali,ensemble,300,212.585087,1
2026-09-15,authorized/2026-09-15/20260915_162230_barath,barath,svm,10,5.643267,1
2026-09-15,authorized/2026-09-15/20260915_162230_barath,barath,random_forest,10,5.643267,1
2026-09-15,authorized/2026-09-15/20260915_162230_barath,barath,hist_gradient_boost,10,5.643267,1
2026-09-15,authorized/2026-09-15/20260915_162230_barath,barath,cnn_bilstm,10,5.643267,1
2026-09-15,authorized/2026-09-15/20260915_162230_barath,barath,cnn_attention,10,5.643267,1
2026-09-15,authorized/2026-09-15/20260915_162230_barath,barath,ensemble,10,5.643267,1
2026-09-15,authorized/2026-09-15/20260915_162230_barath,barath,svm,30,14.769388,1
2026-09-15,authorized/2026-09-15/20260915_162230_barath,barath,random_forest,30,14.769388,1
2026-09-15,authorized/2026-09-15/20260915_162230_barath,barath,hist_gradient_boost,30,14.769388,1
2026-09-15,authorized/2026-09-15/20260915_162230_barath,barath,cnn_bilstm,30,14.769388,1
2026-09-15,authorized/2026-09-15/20260915_162230_barath,barath,cnn_attention,30,14.769388,1
2026-09-15,authorized/2026-09-15/20260915_162230_barath,barath,ensemble,30,14.769388,1
2026-09-15,authorized/2026-09-15/20260915_162230_barath,barath,svm,45,23.706917,1
2026-09-15,authorized/2026-09-15/20260915_162230_barath,barath,random_forest,45,23.706917,1
2026-09-15,authorized/2026-09-15/20260915_162230_barath,barath,hist_gradient_boost,45,23.706917,1
2026-09-15,authorized/2026-09-15/20260915_162230_barath,barath,cnn_bilstm,45,23.706917,1
2026-09-15,authorized/2026-09-15/20260915_162230_barath,barath,cnn_attention,45,23.706917,1
2026-09-15,authorized/2026-09-15/20260915_162230_barath,barath,ensemble,45,23.706917,1
2026-09-15,authorized/2026-09-15/20260915_162230_barath,barath,svm,60,29.872457,1
2026-09-15,authorized/2026-09-15/20260915_162230_barath,barath,random_forest,60,29.872457,1
2026-09-15,authorized/2026-09-15/20260915_162230_barath,barath,hist_gradient_boost,60,29.872457,1
2026-09-15,authorized/2026-09-15/20260915_162230_barath,barath,cnn_bilstm,60,29.872457,1
2026-09-15,authorized/2026-09-15/20260915_162230_barath,barath,cnn_attention,60,29.872457,1
2026-09-15,authorized/2026-09-15/20260915_162230_barath,barath,ensemble,60,29.872457,1
2026-09-15,authorized/2026-09-15/20260915_162230_barath,barath,svm,90,44.716026,1
2026-09-15,authorized/2026-09-15/20260915_162230_barath,barath,random_forest,90,44.716026,1
2026-09-15,authorized/2026-09-15/20260915_162230_barath,barath,hist_gradient_boost,90,44.716026,1
2026-09-15,authorized/2026-09-15/20260915_162230_barath,barath,cnn_bilstm,90,44.716026,1
2026-09-15,authorized/2026-09-15/20260915_162230_barath,barath,cnn_attention,90,44.716026,1
2026-09-15,authorized/2026-09-15/20260915_162230_barath,barath,ensemble,90,44.716026,1
2026-09-15,authorized/2026-09-15/20260915_162230_barath,barath,svm,120,59.155609,1
2026-09-15,authorized/2026-09-15/20260915_162230_barath,barath,random_forest,120,59.155609,1
2026-09-15,authorized/2026-09-15/20260915_162230_barath,barath,hist_gradient_boost,120,59.155609,1
2026-09-15,authorized/2026-09-15/20260915_162230_barath,barath,cnn_bilstm,120,59.155609,1
2026-09-15,authorized/2026-09-15/20260915_162230_barath,barath,cnn_attention,120,59.155609,1
2026-09-15,authorized/2026-09-15/20260915_162230_barath,barath,ensemble,120,59.155609,1
2026-09-15,authorized/2026-09-15/20260915_162230_barath,barath,svm,150,73.591655,1
2026-09-15,authorized/2026-09-15/20260915_162230_barath,barath,random_forest,150,73.591655,1
2026-09-15,authorized/2026-09-15/20260915_162230_barath,barath,hist_gradient_boost,150,73.591655,1
2026-09-15,authorized/2026-09-15/20260915_162230_barath,barath,cnn_bilstm,150,73.591655,1
2026-09-15,authorized/2026-09-15/20260915_162230_barath,barath,cnn_attention,150,73.591655,1
2026-09-15,authorized/2026-09-15/20260915_162230_barath,barath,ensemble,150,73.591655,1
2026-09-15,authorized/2026-09-15/20260915_162230_barath,barath,svm,200,97.578592,1
2026-09-15,authorized/2026-09-15/20260915_162230_barath,barath,random_forest,200,97.578592,1
2026-09-15,authorized/2026-09-15/20260915_162230_barath,barath,hist_gradient_boost,200,97.578592,1
2026-09-15,authorized/2026-09-15/20260915_162230_barath,barath,cnn_bilstm,200,97.578592,1
2026-09-15,authorized/2026-09-15/20260915_162230_barath,barath,cnn_attention,200,97.578592,1
2026-09-15,authorized/2026-09-15/20260915_162230_barath,barath,ensemble,200,97.578592,1
2026-09-15,authorized/2026-09-15/20260915_162230_barath,barath,svm,300,148.186915,1
2026-09-15,authorized/2026-09-15/20260915_162230_barath,barath,random_forest,300,148.186915,1
2026-09-15,authorized/2026-09-15/20260915_162230_barath,barath,hist_gradient_boost,300,148.186915,1
2026-09-15,authorized/2026-09-15/20260915_162230_barath,barath,cnn_bilstm,300,148.186915,1
2026-09-15,authorized/2026-09-15/20260915_162230_barath,barath,cnn_attention,300,148.186915,1
2026-09-15,authorized/2026-09-15/20260915_162230_barath,barath,ensemble,300,148.186915,1
2026-09-15,authorized/2026-09-15/20260915_163025_anjali,anjali,svm,10,9.774196,1
2026-09-15,authorized/2026-09-15/20260915_163025_anjali,anjali,random_forest,10,9.774196,1
2026-09-15,authorized/2026-09-15/20260915_163025_anjali,anjali,hist_gradient_boost,10,9.774196,1
2026-09-15,authorized/2026-09-15/20260915_163025_anjali,anjali,cnn_bilstm,10,9.774196,1
2026-09-15,authorized/2026-09-15/20260915_163025_anjali,anjali,cnn_attention,10,9.774196,1
2026-09-15,authorized/2026-09-15/20260915_163025_anjali,anjali,ensemble,10,9.774196,1
2026-09-15,authorized/2026-09-15/20260915_163025_anjali,anjali,svm,30,18.759251,1
2026-09-15,authorized/2026-09-15/20260915_163025_anjali,anjali,random_forest,30,18.759251,1
2026-09-15,authorized/2026-09-15/20260915_163025_anjali,anjali,hist_gradient_boost,30,18.759251,1
2026-09-15,authorized/2026-09-15/20260915_163025_anjali,anjali,cnn_bilstm,30,18.759251,1
2026-09-15,authorized/2026-09-15/20260915_163025_anjali,anjali,cnn_attention,30,18.759251,0
2026-09-15,authorized/2026-09-15/20260915_163025_anjali,anjali,ensemble,30,18.759251,1
2026-09-15,authorized/2026-09-15/20260915_163025_anjali,anjali,svm,45,23.839437,1
2026-09-15,authorized/2026-09-15/20260915_163025_anjali,anjali,random_forest,45,23.839437,1
2026-09-15,authorized/2026-09-15/20260915_163025_anjali,anjali,hist_gradient_boost,45,23.839437,1
2026-09-15,authorized/2026-09-15/20260915_163025_anjali,anjali,cnn_bilstm,45,23.839437,1
2026-09-15,authorized/2026-09-15/20260915_163025_anjali,anjali,cnn_attention,45,23.839437,0
2026-09-15,authorized/2026-09-15/20260915_163025_anjali,anjali,ensemble,45,23.839437,1
2026-09-15,authorized/2026-09-15/20260915_163025_anjali,anjali,svm,60,28.695729,0
2026-09-15,authorized/2026-09-15/20260915_163025_anjali,anjali,random_forest,60,28.695729,1
2026-09-15,authorized/2026-09-15/20260915_163025_anjali,anjali,hist_gradient_boost,60,28.695729,1
2026-09-15,authorized/2026-09-15/20260915_163025_anjali,anjali,cnn_bilstm,60,28.695729,1
2026-09-15,authorized/2026-09-15/20260915_163025_anjali,anjali,cnn_attention,60,28.695729,0
2026-09-15,authorized/2026-09-15/20260915_163025_anjali,anjali,ensemble,60,28.695729,1
2026-09-15,authorized/2026-09-15/20260915_163025_anjali,anjali,svm,90,44.274785,0
2026-09-15,authorized/2026-09-15/20260915_163025_anjali,anjali,random_forest,90,44.274785,0
2026-09-15,authorized/2026-09-15/20260915_163025_anjali,anjali,hist_gradient_boost,90,44.274785,1
2026-09-15,authorized/2026-09-15/20260915_163025_anjali,anjali,cnn_bilstm,90,44.274785,1
2026-09-15,authorized/2026-09-15/20260915_163025_anjali,anjali,cnn_attention,90,44.274785,0
2026-09-15,authorized/2026-09-15/20260915_163025_anjali,anjali,ensemble,90,44.274785,0
2026-09-15,authorized/2026-09-15/20260915_163025_anjali,anjali,svm,120,66.94295,0
2026-09-15,authorized/2026-09-15/20260915_163025_anjali,anjali,random_forest,120,66.94295,1
2026-09-15,authorized/2026-09-15/20260915_163025_anjali,anjali,hist_gradient_boost,120,66.94295,1
2026-09-15,authorized/2026-09-15/20260915_163025_anjali,anjali,cnn_bilstm,120,66.94295,1
2026-09-15,authorized/2026-09-15/20260915_163025_anjali,anjali,cnn_attention,120,66.94295,0
2026-09-15,authorized/2026-09-15/20260915_163025_anjali,anjali,ensemble,120,66.94295,1
2026-09-15,authorized/2026-09-15/20260915_163025_anjali,anjali,svm,150,89.254538,1
2026-09-15,authorized/2026-09-15/20260915_163025_anjali,anjali,random_forest,150,89.254538,1
2026-09-15,authorized/2026-09-15/20260915_163025_anjali,anjali,hist_gradient_boost,150,89.254538,1
2026-09-15,authorized/2026-09-15/20260915_163025_anjali,anjali,cnn_bilstm,150,89.254538,1
2026-09-15,authorized/2026-09-15/20260915_163025_anjali,anjali,cnn_attention,150,89.254538,0
2026-09-15,authorized/2026-09-15/20260915_163025_anjali,anjali,ensemble,150,89.254538,1
2026-09-15,authorized/2026-09-15/20260915_163025_anjali,anjali,svm,200,125.774619,1
2026-09-15,authorized/2026-09-15/20260915_163025_anjali,anjali,random_forest,200,125.774619,1
2026-09-15,authorized/2026-09-15/20260915_163025_anjali,anjali,hist_gradient_boost,200,125.774619,1
2026-09-15,authorized/2026-09-15/20260915_163025_anjali,anjali,cnn_bilstm,200,125.774619,1
2026-09-15,authorized/2026-09-15/20260915_163025_anjali,anjali,cnn_attention,200,125.774619,1
2026-09-15,authorized/2026-09-15/20260915_163025_anjali,anjali,ensemble,200,125.774619,1
2026-09-15,authorized/2026-09-15/20260915_163025_anjali,anjali,svm,300,182.00793,1
2026-09-15,authorized/2026-09-15/20260915_163025_anjali,anjali,random_forest,300,182.00793,1
2026-09-15,authorized/2026-09-15/20260915_163025_anjali,anjali,hist_gradient_boost,300,182.00793,1
2026-09-15,authorized/2026-09-15/20260915_163025_anjali,anjali,cnn_bilstm,300,182.00793,1
2026-09-15,authorized/2026-09-15/20260915_163025_anjali,anjali,cnn_attention,300,182.00793,1
2026-09-15,authorized/2026-09-15/20260915_163025_anjali,anjali,ensemble,300,182.00793,1
2026-09-15,authorized/2026-09-15/20260915_180952_barath,barath,svm,10,3.984137,1
2026-09-15,authorized/2026-09-15/20260915_180952_barath,barath,random_forest,10,3.984137,1
2026-09-15,authorized/2026-09-15/20260915_180952_barath,barath,hist_gradient_boost,10,3.984137,1
2026-09-15,authorized/2026-09-15/20260915_180952_barath,barath,cnn_bilstm,10,3.984137,1
2026-09-15,authorized/2026-09-15/20260915_180952_barath,barath,cnn_attention,10,3.984137,1
2026-09-15,authorized/2026-09-15/20260915_180952_barath,barath,ensemble,10,3.984137,1
2026-09-15,authorized/2026-09-15/20260915_180952_barath,barath,svm,30,11.294543,1
2026-09-15,authorized/2026-09-15/20260915_180952_barath,barath,random_forest,30,11.294543,1
2026-09-15,authorized/2026-09-15/20260915_180952_barath,barath,hist_gradient_boost,30,11.294543,1
2026-09-15,authorized/2026-09-15/20260915_180952_barath,barath,cnn_bilstm,30,11.294543,1
2026-09-15,authorized/2026-09-15/20260915_180952_barath,barath,cnn_attention,30,11.294543,1
2026-09-15,authorized/2026-09-15/20260915_180952_barath,barath,ensemble,30,11.294543,1
2026-09-15,authorized/2026-09-15/20260915_180952_barath,barath,svm,45,17.395099,1
2026-09-15,authorized/2026-09-15/20260915_180952_barath,barath,random_forest,45,17.395099,1
2026-09-15,authorized/2026-09-15/20260915_180952_barath,barath,hist_gradient_boost,45,17.395099,1
2026-09-15,authorized/2026-09-15/20260915_180952_barath,barath,cnn_bilstm,45,17.395099,1
2026-09-15,authorized/2026-09-15/20260915_180952_barath,barath,cnn_attention,45,17.395099,1
2026-09-15,authorized/2026-09-15/20260915_180952_barath,barath,ensemble,45,17.395099,1
2026-09-15,authorized/2026-09-15/20260915_180952_barath,barath,svm,60,22.978999,1
2026-09-15,authorized/2026-09-15/20260915_180952_barath,barath,random_forest,60,22.978999,1
2026-09-15,authorized/2026-09-15/20260915_180952_barath,barath,hist_gradient_boost,60,22.978999,1
2026-09-15,authorized/2026-09-15/20260915_180952_barath,barath,cnn_bilstm,60,22.978999,1
2026-09-15,authorized/2026-09-15/20260915_180952_barath,barath,cnn_attention,60,22.978999,1
2026-09-15,authorized/2026-09-15/20260915_180952_barath,barath,ensemble,60,22.978999,1
2026-09-15,authorized/2026-09-15/20260915_180952_barath,barath,svm,90,35.763135,1
2026-09-15,authorized/2026-09-15/20260915_180952_barath,barath,random_forest,90,35.763135,1
2026-09-15,authorized/2026-09-15/20260915_180952_barath,barath,hist_gradient_boost,90,35.763135,1
2026-09-15,authorized/2026-09-15/20260915_180952_barath,barath,cnn_bilstm,90,35.763135,1
2026-09-15,authorized/2026-09-15/20260915_180952_barath,barath,cnn_attention,90,35.763135,1
2026-09-15,authorized/2026-09-15/20260915_180952_barath,barath,ensemble,90,35.763135,1
2026-09-15,authorized/2026-09-15/20260915_180952_barath,barath,svm,120,48.023369,1
2026-09-15,authorized/2026-09-15/20260915_180952_barath,barath,random_forest,120,48.023369,1
2026-09-15,authorized/2026-09-15/20260915_180952_barath,barath,hist_gradient_boost,120,48.023369,1
2026-09-15,authorized/2026-09-15/20260915_180952_barath,barath,cnn_bilstm,120,48.023369,1
2026-09-15,authorized/2026-09-15/20260915_180952_barath,barath,cnn_attention,120,48.023369,1
2026-09-15,authorized/2026-09-15/20260915_180952_barath,barath,ensemble,120,48.023369,1
2026-09-15,authorized/2026-09-15/20260915_180952_barath,barath,svm,150,59.607507,1
2026-09-15,authorized/2026-09-15/20260915_180952_barath,barath,random_forest,150,59.607507,1
2026-09-15,authorized/2026-09-15/20260915_180952_barath,barath,hist_gradient_boost,150,59.607507,1
2026-09-15,authorized/2026-09-15/20260915_180952_barath,barath,cnn_bilstm,150,59.607507,1
2026-09-15,authorized/2026-09-15/20260915_180952_barath,barath,cnn_attention,150,59.607507,1
2026-09-15,authorized/2026-09-15/20260915_180952_barath,barath,ensemble,150,59.607507,1
2026-09-15,authorized/2026-09-15/20260915_180952_barath,barath,svm,200,79.288874,1
2026-09-15,authorized/2026-09-15/20260915_180952_barath,barath,random_forest,200,79.288874,1
2026-09-15,authorized/2026-09-15/20260915_180952_barath,barath,hist_gradient_boost,200,79.288874,1
2026-09-15,authorized/2026-09-15/20260915_180952_barath,barath,cnn_bilstm,200,79.288874,1
2026-09-15,authorized/2026-09-15/20260915_180952_barath,barath,cnn_attention,200,79.288874,1
2026-09-15,authorized/2026-09-15/20260915_180952_barath,barath,ensemble,200,79.288874,1
2026-09-15,authorized/2026-09-15/20260915_180952_barath,barath,svm,300,120.422661,1
2026-09-15,authorized/2026-09-15/20260915_180952_barath,barath,random_forest,300,120.422661,1
2026-09-15,authorized/2026-09-15/20260915_180952_barath,barath,hist_gradient_boost,300,120.422661,1
2026-09-15,authorized/2026-09-15/20260915_180952_barath,barath,cnn_bilstm,300,120.422661,1
2026-09-15,authorized/2026-09-15/20260915_180952_barath,barath,cnn_attention,300,120.422661,1
2026-09-15,authorized/2026-09-15/20260915_180952_barath,barath,ensemble,300,120.422661,1
2026-09-16,authorized/2026-09-16/20260916_132313_anjali,anjali,svm,10,4.781954,0
2026-09-16,authorized/2026-09-16/20260916_132313_anjali,anjali,random_forest,10,4.781954,0
2026-09-16,authorized/2026-09-16/20260916_132313_anjali,anjali,hist_gradient_boost,10,4.781954,0
2026-09-16,authorized/2026-09-16/20260916_132313_anjali,anjali,cnn_bilstm,10,4.781954,1
2026-09-16,authorized/2026-09-16/20260916_132313_anjali,anjali,cnn_attention,10,4.781954,1
2026-09-16,authorized/2026-09-16/20260916_132313_anjali,anjali,ensemble,10,4.781954,0
2026-09-16,authorized/2026-09-16/20260916_132313_anjali,anjali,svm,30,11.776905,0
2026-09-16,authorized/2026-09-16/20260916_132313_anjali,anjali,random_forest,30,11.776905,0
2026-09-16,authorized/2026-09-16/20260916_132313_anjali,anjali,hist_gradient_boost,30,11.776905,0
2026-09-16,authorized/2026-09-16/20260916_132313_anjali,anjali,cnn_bilstm,30,11.776905,1
2026-09-16,authorized/2026-09-16/20260916_132313_anjali,anjali,cnn_attention,30,11.776905,1
2026-09-16,authorized/2026-09-16/20260916_132313_anjali,anjali,ensemble,30,11.776905,0
2026-09-16,authorized/2026-09-16/20260916_132313_anjali,anjali,svm,45,18.119198,0
2026-09-16,authorized/2026-09-16/20260916_132313_anjali,anjali,random_forest,45,18.119198,0
2026-09-16,authorized/2026-09-16/20260916_132313_anjali,anjali,hist_gradient_boost,45,18.119198,0
2026-09-16,authorized/2026-09-16/20260916_132313_anjali,anjali,cnn_bilstm,45,18.119198,1
2026-09-16,authorized/2026-09-16/20260916_132313_anjali,anjali,cnn_attention,45,18.119198,1
2026-09-16,authorized/2026-09-16/20260916_132313_anjali,anjali,ensemble,45,18.119198,0
2026-09-16,authorized/2026-09-16/20260916_132313_anjali,anjali,svm,60,23.653286,0
2026-09-16,authorized/2026-09-16/20260916_132313_anjali,anjali,random_forest,60,23.653286,0
2026-09-16,authorized/2026-09-16/20260916_132313_anjali,anjali,hist_gradient_boost,60,23.653286,0
2026-09-16,authorized/2026-09-16/20260916_132313_anjali,anjali,cnn_bilstm,60,23.653286,1
2026-09-16,authorized/2026-09-16/20260916_132313_anjali,anjali,cnn_attention,60,23.653286,1
2026-09-16,authorized/2026-09-16/20260916_132313_anjali,anjali,ensemble,60,23.653286,0
2026-09-16,authorized/2026-09-16/20260916_132313_anjali,anjali,svm,90,35.384703,0
2026-09-16,authorized/2026-09-16/20260916_132313_anjali,anjali,random_forest,90,35.384703,0
2026-09-16,authorized/2026-09-16/20260916_132313_anjali,anjali,hist_gradient_boost,90,35.384703,0
2026-09-16,authorized/2026-09-16/20260916_132313_anjali,anjali,cnn_bilstm,90,35.384703,1
2026-09-16,authorized/2026-09-16/20260916_132313_anjali,anjali,cnn_attention,90,35.384703,1
2026-09-16,authorized/2026-09-16/20260916_132313_anjali,anjali,ensemble,90,35.384703,1
2026-09-16,authorized/2026-09-16/20260916_132313_anjali,anjali,svm,120,46.899333,0
2026-09-16,authorized/2026-09-16/20260916_132313_anjali,anjali,random_forest,120,46.899333,0
2026-09-16,authorized/2026-09-16/20260916_132313_anjali,anjali,hist_gradient_boost,120,46.899333,0
2026-09-16,authorized/2026-09-16/20260916_132313_anjali,anjali,cnn_bilstm,120,46.899333,1
2026-09-16,authorized/2026-09-16/20260916_132313_anjali,anjali,cnn_attention,120,46.899333,1
2026-09-16,authorized/2026-09-16/20260916_132313_anjali,anjali,ensemble,120,46.899333,1
2026-09-16,authorized/2026-09-16/20260916_132313_anjali,anjali,svm,150,57.390538,0
2026-09-16,authorized/2026-09-16/20260916_132313_anjali,anjali,random_forest,150,57.390538,0
2026-09-16,authorized/2026-09-16/20260916_132313_anjali,anjali,hist_gradient_boost,150,57.390538,0
2026-09-16,authorized/2026-09-16/20260916_132313_anjali,anjali,cnn_bilstm,150,57.390538,1
2026-09-16,authorized/2026-09-16/20260916_132313_anjali,anjali,cnn_attention,150,57.390538,1
2026-09-16,authorized/2026-09-16/20260916_132313_anjali,anjali,ensemble,150,57.390538,1
2026-09-16,authorized/2026-09-16/20260916_132313_anjali,anjali,svm,200,78.109282,0
2026-09-16,authorized/2026-09-16/20260916_132313_anjali,anjali,random_forest,200,78.109282,0
2026-09-16,authorized/2026-09-16/20260916_132313_anjali,anjali,hist_gradient_boost,200,78.109282,0
2026-09-16,authorized/2026-09-16/20260916_132313_anjali,anjali,cnn_bilstm,200,78.109282,1
2026-09-16,authorized/2026-09-16/20260916_132313_anjali,anjali,cnn_attention,200,78.109282,1
2026-09-16,authorized/2026-09-16/20260916_132313_anjali,anjali,ensemble,200,78.109282,1
2026-09-16,authorized/2026-09-16/20260916_132313_anjali,anjali,svm,300,116.446332,0
2026-09-16,authorized/2026-09-16/20260916_132313_anjali,anjali,random_forest,300,116.446332,0
2026-09-16,authorized/2026-09-16/20260916_132313_anjali,anjali,hist_gradient_boost,300,116.446332,0
2026-09-16,authorized/2026-09-16/20260916_132313_anjali,anjali,cnn_bilstm,300,116.446332,1
2026-09-16,authorized/2026-09-16/20260916_132313_anjali,anjali,cnn_attention,300,116.446332,1
2026-09-16,authorized/2026-09-16/20260916_132313_anjali,anjali,ensemble,300,116.446332,1
2026-09-16,authorized/2026-09-16/20260916_133308_barath,barath,svm,10,5.02166,1
2026-09-16,authorized/2026-09-16/20260916_133308_barath,barath,random_forest,10,5.02166,0
2026-09-16,authorized/2026-09-16/20260916_133308_barath,barath,hist_gradient_boost,10,5.02166,1
2026-09-16,authorized/2026-09-16/20260916_133308_barath,barath,cnn_bilstm,10,5.02166,0
2026-09-16,authorized/2026-09-16/20260916_133308_barath,barath,cnn_attention,10,5.02166,1
2026-09-16,authorized/2026-09-16/20260916_133308_barath,barath,ensemble,10,5.02166,1
2026-09-16,authorized/2026-09-16/20260916_133308_barath,barath,svm,30,9.972151,1
2026-09-16,authorized/2026-09-16/20260916_133308_barath,barath,random_forest,30,9.972151,1
2026-09-16,authorized/2026-09-16/20260916_133308_barath,barath,hist_gradient_boost,30,9.972151,1
2026-09-16,authorized/2026-09-16/20260916_133308_barath,barath,cnn_bilstm,30,9.972151,0
2026-09-16,authorized/2026-09-16/20260916_133308_barath,barath,cnn_attention,30,9.972151,1
2026-09-16,authorized/2026-09-16/20260916_133308_barath,barath,ensemble,30,9.972151,1
2026-09-16,authorized/2026-09-16/20260916_133308_barath,barath,svm,45,13.340377,1
2026-09-16,authorized/2026-09-16/20260916_133308_barath,barath,random_forest,45,13.340377,1
2026-09-16,authorized/2026-09-16/20260916_133308_barath,barath,hist_gradient_boost,45,13.340377,1
2026-09-16,authorized/2026-09-16/20260916_133308_barath,barath,cnn_bilstm,45,13.340377,0
2026-09-16,authorized/2026-09-16/20260916_133308_barath,barath,cnn_attention,45,13.340377,1
2026-09-16,authorized/2026-09-16/20260916_133308_barath,barath,ensemble,45,13.340377,1
2026-09-16,authorized/2026-09-16/20260916_133308_barath,barath,svm,60,19.832114,1
2026-09-16,authorized/2026-09-16/20260916_133308_barath,barath,random_forest,60,19.832114,1
2026-09-16,authorized/2026-09-16/20260916_133308_barath,barath,hist_gradient_boost,60,19.832114,1
2026-09-16,authorized/2026-09-16/20260916_133308_barath,barath,cnn_bilstm,60,19.832114,1
2026-09-16,authorized/2026-09-16/20260916_133308_barath,barath,cnn_attention,60,19.832114,1
2026-09-16,authorized/2026-09-16/20260916_133308_barath,barath,ensemble,60,19.832114,1
2026-09-16,authorized/2026-09-16/20260916_133308_barath,barath,svm,90,31.112377,1
2026-09-16,authorized/2026-09-16/20260916_133308_barath,barath,random_forest,90,31.112377,1
2026-09-16,authorized/2026-09-16/20260916_133308_barath,barath,hist_gradient_boost,90,31.112377,1
2026-09-16,authorized/2026-09-16/20260916_133308_barath,barath,cnn_bilstm,90,31.112377,1
2026-09-16,authorized/2026-09-16/20260916_133308_barath,barath,cnn_attention,90,31.112377,1
2026-09-16,authorized/2026-09-16/20260916_133308_barath,barath,ensemble,90,31.112377,1
2026-09-16,authorized/2026-09-16/20260916_133308_barath,barath,svm,120,43.415255,1
2026-09-16,authorized/2026-09-16/20260916_133308_barath,barath,random_forest,120,43.415255,1
2026-09-16,authorized/2026-09-16/20260916_133308_barath,barath,hist_gradient_boost,120,43.415255,1
2026-09-16,authorized/2026-09-16/20260916_133308_barath,barath,cnn_bilstm,120,43.415255,1
2026-09-16,authorized/2026-09-16/20260916_133308_barath,barath,cnn_attention,120,43.415255,1
2026-09-16,authorized/2026-09-16/20260916_133308_barath,barath,ensemble,120,43.415255,1
2026-09-16,authorized/2026-09-16/20260916_133308_barath,barath,svm,150,55.063002,1
2026-09-16,authorized/2026-09-16/20260916_133308_barath,barath,random_forest,150,55.063002,1
2026-09-16,authorized/2026-09-16/20260916_133308_barath,barath,hist_gradient_boost,150,55.063002,1
2026-09-16,authorized/2026-09-16/20260916_133308_barath,barath,cnn_bilstm,150,55.063002,1
2026-09-16,authorized/2026-09-16/20260916_133308_barath,barath,cnn_attention,150,55.063002,1
2026-09-16,authorized/2026-09-16/20260916_133308_barath,barath,ensemble,150,55.063002,1
2026-09-16,authorized/2026-09-16/20260916_133308_barath,barath,svm,200,74.085413,1
2026-09-16,authorized/2026-09-16/20260916_133308_barath,barath,random_forest,200,74.085413,1
2026-09-16,authorized/2026-09-16/20260916_133308_barath,barath,hist_gradient_boost,200,74.085413,1
2026-09-16,authorized/2026-09-16/20260916_133308_barath,barath,cnn_bilstm,200,74.085413,1
2026-09-16,authorized/2026-09-16/20260916_133308_barath,barath,cnn_attention,200,74.085413,1
2026-09-16,authorized/2026-09-16/20260916_133308_barath,barath,ensemble,200,74.085413,1
2026-09-16,authorized/2026-09-16/20260916_133308_barath,barath,svm,300,113.726895,1
2026-09-16,authorized/2026-09-16/20260916_133308_barath,barath,random_forest,300,113.726895,1
2026-09-16,authorized/2026-09-16/20260916_133308_barath,barath,hist_gradient_boost,300,113.726895,1
2026-09-16,authorized/2026-09-16/20260916_133308_barath,barath,cnn_bilstm,300,113.726895,1
2026-09-16,authorized/2026-09-16/20260916_133308_barath,barath,cnn_attention,300,113.726895,1
2026-09-16,authorized/2026-09-16/20260916_133308_barath,barath,ensemble,300,113.726895,1
2026-09-16,authorized/2026-09-16/20260916_144318_anjali,anjali,svm,10,4.323805,0
2026-09-16,authorized/2026-09-16/20260916_144318_anjali,anjali,random_forest,10,4.323805,0
2026-09-16,authorized/2026-09-16/20260916_144318_anjali,anjali,hist_gradient_boost,10,4.323805,0
2026-09-16,authorized/2026-09-16/20260916_144318_anjali,anjali,cnn_bilstm,10,4.323805,1
2026-09-16,authorized/2026-09-16/20260916_144318_anjali,anjali,cnn_attention,10,4.323805,1
2026-09-16,authorized/2026-09-16/20260916_144318_anjali,anjali,ensemble,10,4.323805,0
2026-09-16,authorized/2026-09-16/20260916_144318_anjali,anjali,svm,30,12.363631,0
2026-09-16,authorized/2026-09-16/20260916_144318_anjali,anjali,random_forest,30,12.363631,0
2026-09-16,authorized/2026-09-16/20260916_144318_anjali,anjali,hist_gradient_boost,30,12.363631,0
2026-09-16,authorized/2026-09-16/20260916_144318_anjali,anjali,cnn_bilstm,30,12.363631,1
2026-09-16,authorized/2026-09-16/20260916_144318_anjali,anjali,cnn_attention,30,12.363631,1
2026-09-16,authorized/2026-09-16/20260916_144318_anjali,anjali,ensemble,30,12.363631,0
2026-09-16,authorized/2026-09-16/20260916_144318_anjali,anjali,svm,45,18.551794,0
2026-09-16,authorized/2026-09-16/20260916_144318_anjali,anjali,random_forest,45,18.551794,0
2026-09-16,authorized/2026-09-16/20260916_144318_anjali,anjali,hist_gradient_boost,45,18.551794,0
2026-09-16,authorized/2026-09-16/20260916_144318_anjali,anjali,cnn_bilstm,45,18.551794,1
2026-09-16,authorized/2026-09-16/20260916_144318_anjali,anjali,cnn_attention,45,18.551794,1
2026-09-16,authorized/2026-09-16/20260916_144318_anjali,anjali,ensemble,45,18.551794,0
2026-09-16,authorized/2026-09-16/20260916_144318_anjali,anjali,svm,60,24.11427,0
2026-09-16,authorized/2026-09-16/20260916_144318_anjali,anjali,random_forest,60,24.11427,0
2026-09-16,authorized/2026-09-16/20260916_144318_anjali,anjali,hist_gradient_boost,60,24.11427,0
2026-09-16,authorized/2026-09-16/20260916_144318_anjali,anjali,cnn_bilstm,60,24.11427,1
2026-09-16,authorized/2026-09-16/20260916_144318_anjali,anjali,cnn_attention,60,24.11427,1
2026-09-16,authorized/2026-09-16/20260916_144318_anjali,anjali,ensemble,60,24.11427,0
2026-09-16,authorized/2026-09-16/20260916_144318_anjali,anjali,svm,90,35.782393,0
2026-09-16,authorized/2026-09-16/20260916_144318_anjali,anjali,random_forest,90,35.782393,0
2026-09-16,authorized/2026-09-16/20260916_144318_anjali,anjali,hist_gradient_boost,90,35.782393,0
2026-09-16,authorized/2026-09-16/20260916_144318_anjali,anjali,cnn_bilstm,90,35.782393,1
2026-09-16,authorized/2026-09-16/20260916_144318_anjali,anjali,cnn_attention,90,35.782393,1
2026-09-16,authorized/2026-09-16/20260916_144318_anjali,anjali,ensemble,90,35.782393,0
2026-09-16,authorized/2026-09-16/20260916_144318_anjali,anjali,svm,120,47.68383,0
2026-09-16,authorized/2026-09-16/20260916_144318_anjali,anjali,random_forest,120,47.68383,0
2026-09-16,authorized/2026-09-16/20260916_144318_anjali,anjali,hist_gradient_boost,120,47.68383,0
2026-09-16,authorized/2026-09-16/20260916_144318_anjali,anjali,cnn_bilstm,120,47.68383,0
2026-09-16,authorized/2026-09-16/20260916_144318_anjali,anjali,cnn_attention,120,47.68383,1
2026-09-16,authorized/2026-09-16/20260916_144318_anjali,anjali,ensemble,120,47.68383,0
2026-09-16,authorized/2026-09-16/20260916_144318_anjali,anjali,svm,150,59.609167,0
2026-09-16,authorized/2026-09-16/20260916_144318_anjali,anjali,random_forest,150,59.609167,0
2026-09-16,authorized/2026-09-16/20260916_144318_anjali,anjali,hist_gradient_boost,150,59.609167,0
2026-09-16,authorized/2026-09-16/20260916_144318_anjali,anjali,cnn_bilstm,150,59.609167,0
2026-09-16,authorized/2026-09-16/20260916_144318_anjali,anjali,cnn_attention,150,59.609167,1
2026-09-16,authorized/2026-09-16/20260916_144318_anjali,anjali,ensemble,150,59.609167,0
2026-09-16,authorized/2026-09-16/20260916_144318_anjali,anjali,svm,200,79.912845,0
2026-09-16,authorized/2026-09-16/20260916_144318_anjali,anjali,random_forest,200,79.912845,0
2026-09-16,authorized/2026-09-16/20260916_144318_anjali,anjali,hist_gradient_boost,200,79.912845,0
2026-09-16,authorized/2026-09-16/20260916_144318_anjali,anjali,cnn_bilstm,200,79.912845,1
2026-09-16,authorized/2026-09-16/20260916_144318_anjali,anjali,cnn_attention,200,79.912845,1
2026-09-16,authorized/2026-09-16/20260916_144318_anjali,anjali,ensemble,200,79.912845,0
2026-09-16,authorized/2026-09-16/20260916_144318_anjali,anjali,svm,300,118.520102,0
2026-09-16,authorized/2026-09-16/20260916_144318_anjali,anjali,random_forest,300,118.520102,0
2026-09-16,authorized/2026-09-16/20260916_144318_anjali,anjali,hist_gradient_boost,300,118.520102,0
2026-09-16,authorized/2026-09-16/20260916_144318_anjali,anjali,cnn_bilstm,300,118.520102,0
2026-09-16,authorized/2026-09-16/20260916_144318_anjali,anjali,cnn_attention,300,118.520102,1
2026-09-16,authorized/2026-09-16/20260916_144318_anjali,anjali,ensemble,300,118.520102,0
2026-09-16,authorized/2026-09-16/20260916_144821_barath,barath,svm,10,4.627797,1
2026-09-16,authorized/2026-09-16/20260916_144821_barath,barath,random_forest,10,4.627797,1
2026-09-16,authorized/2026-09-16/20260916_144821_barath,barath,hist_gradient_boost,10,4.627797,1
2026-09-16,authorized/2026-09-16/20260916_144821_barath,barath,cnn_bilstm,10,4.627797,1
2026-09-16,authorized/2026-09-16/20260916_144821_barath,barath,cnn_attention,10,4.627797,1
2026-09-16,authorized/2026-09-16/20260916_144821_barath,barath,ensemble,10,4.627797,1
2026-09-16,authorized/2026-09-16/20260916_144821_barath,barath,svm,30,13.200354,1
2026-09-16,authorized/2026-09-16/20260916_144821_barath,barath,random_forest,30,13.200354,1
2026-09-16,authorized/2026-09-16/20260916_144821_barath,barath,hist_gradient_boost,30,13.200354,1
2026-09-16,authorized/2026-09-16/20260916_144821_barath,barath,cnn_bilstm,30,13.200354,1
2026-09-16,authorized/2026-09-16/20260916_144821_barath,barath,cnn_attention,30,13.200354,1
2026-09-16,authorized/2026-09-16/20260916_144821_barath,barath,ensemble,30,13.200354,1
2026-09-16,authorized/2026-09-16/20260916_144821_barath,barath,svm,45,19.654885,1
2026-09-16,authorized/2026-09-16/20260916_144821_barath,barath,random_forest,45,19.654885,1
2026-09-16,authorized/2026-09-16/20260916_144821_barath,barath,hist_gradient_boost,45,19.654885,1
2026-09-16,authorized/2026-09-16/20260916_144821_barath,barath,cnn_bilstm,45,19.654885,1
2026-09-16,authorized/2026-09-16/20260916_144821_barath,barath,cnn_attention,45,19.654885,1
2026-09-16,authorized/2026-09-16/20260916_144821_barath,barath,ensemble,45,19.654885,1
2026-09-16,authorized/2026-09-16/20260916_144821_barath,barath,svm,60,25.600187,1
2026-09-16,authorized/2026-09-16/20260916_144821_barath,barath,random_forest,60,25.600187,1
2026-09-16,authorized/2026-09-16/20260916_144821_barath,barath,hist_gradient_boost,60,25.600187,1
2026-09-16,authorized/2026-09-16/20260916_144821_barath,barath,cnn_bilstm,60,25.600187,1
2026-09-16,authorized/2026-09-16/20260916_144821_barath,barath,cnn_attention,60,25.600187,1
2026-09-16,authorized/2026-09-16/20260916_144821_barath,barath,ensemble,60,25.600187,1
2026-09-16,authorized/2026-09-16/20260916_144821_barath,barath,svm,90,38.921893,1
2026-09-16,authorized/2026-09-16/20260916_144821_barath,barath,random_forest,90,38.921893,1
2026-09-16,authorized/2026-09-16/20260916_144821_barath,barath,hist_gradient_boost,90,38.921893,1
2026-09-16,authorized/2026-09-16/20260916_144821_barath,barath,cnn_bilstm,90,38.921893,1
2026-09-16,authorized/2026-09-16/20260916_144821_barath,barath,cnn_attention,90,38.921893,1
2026-09-16,authorized/2026-09-16/20260916_144821_barath,barath,ensemble,90,38.921893,1
2026-09-16,authorized/2026-09-16/20260916_144821_barath,barath,svm,120,51.622029,1
2026-09-16,authorized/2026-09-16/20260916_144821_barath,barath,random_forest,120,51.622029,1
2026-09-16,authorized/2026-09-16/20260916_144821_barath,barath,hist_gradient_boost,120,51.622029,1
2026-09-16,authorized/2026-09-16/20260916_144821_barath,barath,cnn_bilstm,120,51.622029,1
2026-09-16,authorized/2026-09-16/20260916_144821_barath,barath,cnn_attention,120,51.622029,1
2026-09-16,authorized/2026-09-16/20260916_144821_barath,barath,ensemble,120,51.622029,1
2026-09-16,authorized/2026-09-16/20260916_144821_barath,barath,svm,150,64.407117,1
2026-09-16,authorized/2026-09-16/20260916_144821_barath,barath,random_forest,150,64.407117,1
2026-09-16,authorized/2026-09-16/20260916_144821_barath,barath,hist_gradient_boost,150,64.407117,1
2026-09-16,authorized/2026-09-16/20260916_144821_barath,barath,cnn_bilstm,150,64.407117,1
2026-09-16,authorized/2026-09-16/20260916_144821_barath,barath,cnn_attention,150,64.407117,1
2026-09-16,authorized/2026-09-16/20260916_144821_barath,barath,ensemble,150,64.407117,1
2026-09-16,authorized/2026-09-16/20260916_144821_barath,barath,svm,200,85.169265,1
2026-09-16,authorized/2026-09-16/20260916_144821_barath,barath,random_forest,200,85.169265,1
2026-09-16,authorized/2026-09-16/20260916_144821_barath,barath,hist_gradient_boost,200,85.169265,1
2026-09-16,authorized/2026-09-16/20260916_144821_barath,barath,cnn_bilstm,200,85.169265,1
2026-09-16,authorized/2026-09-16/20260916_144821_barath,barath,cnn_attention,200,85.169265,1
2026-09-16,authorized/2026-09-16/20260916_144821_barath,barath,ensemble,200,85.169265,1
2026-09-16,authorized/2026-09-16/20260916_144821_barath,barath,svm,300,127.48316,1
2026-09-16,authorized/2026-09-16/20260916_144821_barath,barath,random_forest,300,127.48316,1
2026-09-16,authorized/2026-09-16/20260916_144821_barath,barath,hist_gradient_boost,300,127.48316,1
2026-09-16,authorized/2026-09-16/20260916_144821_barath,barath,cnn_bilstm,300,127.48316,1
2026-09-16,authorized/2026-09-16/20260916_144821_barath,barath,cnn_attention,300,127.48316,1
2026-09-16,authorized/2026-09-16/20260916_144821_barath,barath,ensemble,300,127.48316,1
2026-09-16,authorized/2026-09-16/20260916_145304_barath,barath,svm,10,4.413762,1
2026-09-16,authorized/2026-09-16/20260916_145304_barath,barath,random_forest,10,4.413762,1
2026-09-16,authorized/2026-09-16/20260916_145304_barath,barath,hist_gradient_boost,10,4.413762,1
2026-09-16,authorized/2026-09-16/20260916_145304_barath,barath,cnn_bilstm,10,4.413762,1
2026-09-16,authorized/2026-09-16/20260916_145304_barath,barath,cnn_attention,10,4.413762,1
2026-09-16,authorized/2026-09-16/20260916_145304_barath,barath,ensemble,10,4.413762,1
2026-09-16,authorized/2026-09-16/20260916_145304_barath,barath,svm,30,12.685906,1
2026-09-16,authorized/2026-09-16/20260916_145304_barath,barath,random_forest,30,12.685906,1
2026-09-16,authorized/2026-09-16/20260916_145304_barath,barath,hist_gradient_boost,30,12.685906,1
2026-09-16,authorized/2026-09-16/20260916_145304_barath,barath,cnn_bilstm,30,12.685906,1
2026-09-16,authorized/2026-09-16/20260916_145304_barath,barath,cnn_attention,30,12.685906,1
2026-09-16,authorized/2026-09-16/20260916_145304_barath,barath,ensemble,30,12.685906,1
2026-09-16,authorized/2026-09-16/20260916_145304_barath,barath,svm,45,18.985235,1
2026-09-16,authorized/2026-09-16/20260916_145304_barath,barath,random_forest,45,18.985235,1
2026-09-16,authorized/2026-09-16/20260916_145304_barath,barath,hist_gradient_boost,45,18.985235,1
2026-09-16,authorized/2026-09-16/20260916_145304_barath,barath,cnn_bilstm,45,18.985235,1
2026-09-16,authorized/2026-09-16/20260916_145304_barath,barath,cnn_attention,45,18.985235,1
2026-09-16,authorized/2026-09-16/20260916_145304_barath,barath,ensemble,45,18.985235,1
2026-09-16,authorized/2026-09-16/20260916_145304_barath,barath,svm,60,25.01325,1
2026-09-16,authorized/2026-09-16/20260916_145304_barath,barath,random_forest,60,25.01325,1
2026-09-16,authorized/2026-09-16/20260916_145304_barath,barath,hist_gradient_boost,60,25.01325,1
2026-09-16,authorized/2026-09-16/20260916_145304_barath,barath,cnn_bilstm,60,25.01325,1
2026-09-16,authorized/2026-09-16/20260916_145304_barath,barath,cnn_attention,60,25.01325,1
2026-09-16,authorized/2026-09-16/20260916_145304_barath,barath,ensemble,60,25.01325,1
2026-09-16,authorized/2026-09-16/20260916_145304_barath,barath,svm,90,37.153756,1
2026-09-16,authorized/2026-09-16/20260916_145304_barath,barath,random_forest,90,37.153756,1
2026-09-16,authorized/2026-09-16/20260916_145304_barath,barath,hist_gradient_boost,90,37.153756,1
2026-09-16,authorized/2026-09-16/20260916_145304_barath,barath,cnn_bilstm,90,37.153756,1
2026-09-16,authorized/2026-09-16/20260916_145304_barath,barath,cnn_attention,90,37.153756,1
2026-09-16,authorized/2026-09-16/20260916_145304_barath,barath,ensemble,90,37.153756,1
2026-09-16,authorized/2026-09-16/20260916_145304_barath,barath,svm,120,49.775817,1
2026-09-16,authorized/2026-09-16/20260916_145304_barath,barath,random_forest,120,49.775817,1
2026-09-16,authorized/2026-09-16/20260916_145304_barath,barath,hist_gradient_boost,120,49.775817,1
2026-09-16,authorized/2026-09-16/20260916_145304_barath,barath,cnn_bilstm,120,49.775817,1
2026-09-16,authorized/2026-09-16/20260916_145304_barath,barath,cnn_attention,120,49.775817,1
2026-09-16,authorized/2026-09-16/20260916_145304_barath,barath,ensemble,120,49.775817,1
2026-09-16,authorized/2026-09-16/20260916_145304_barath,barath,svm,150,62.026421,1
2026-09-16,authorized/2026-09-16/20260916_145304_barath,barath,random_forest,150,62.026421,1
2026-09-16,authorized/2026-09-16/20260916_145304_barath,barath,hist_gradient_boost,150,62.026421,1
2026-09-16,authorized/2026-09-16/20260916_145304_barath,barath,cnn_bilstm,150,62.026421,1
2026-09-16,authorized/2026-09-16/20260916_145304_barath,barath,cnn_attention,150,62.026421,1
2026-09-16,authorized/2026-09-16/20260916_145304_barath,barath,ensemble,150,62.026421,1
2026-09-16,authorized/2026-09-16/20260916_145304_barath,barath,svm,200,78.14318,1
2026-09-16,authorized/2026-09-16/20260916_145304_barath,barath,random_forest,200,78.14318,1
2026-09-16,authorized/2026-09-16/20260916_145304_barath,barath,hist_gradient_boost,200,78.14318,1
2026-09-16,authorized/2026-09-16/20260916_145304_barath,barath,cnn_bilstm,200,78.14318,1
2026-09-16,authorized/2026-09-16/20260916_145304_barath,barath,cnn_attention,200,78.14318,1
2026-09-16,authorized/2026-09-16/20260916_145304_barath,barath,ensemble,200,78.14318,1
2026-09-16,authorized/2026-09-16/20260916_145304_barath,barath,svm,300,108.112926,1
2026-09-16,authorized/2026-09-16/20260916_145304_barath,barath,random_forest,300,108.112926,1
2026-09-16,authorized/2026-09-16/20260916_145304_barath,barath,hist_gradient_boost,300,108.112926,1
2026-09-16,authorized/2026-09-16/20260916_145304_barath,barath,cnn_bilstm,300,108.112926,1
2026-09-16,authorized/2026-09-16/20260916_145304_barath,barath,cnn_attention,300,108.112926,1
2026-09-16,authorized/2026-09-16/20260916_145304_barath,barath,ensemble,300,108.112926,1
2026-09-16,authorized/2026-09-16/20260916_145921_anjali,anjali,svm,10,4.955696,0
2026-09-16,authorized/2026-09-16/20260916_145921_anjali,anjali,random_forest,10,4.955696,0
2026-09-16,authorized/2026-09-16/20260916_145921_anjali,anjali,hist_gradient_boost,10,4.955696,0
2026-09-16,authorized/2026-09-16/20260916_145921_anjali,anjali,cnn_bilstm,10,4.955696,1
2026-09-16,authorized/2026-09-16/20260916_145921_anjali,anjali,cnn_attention,10,4.955696,1
2026-09-16,authorized/2026-09-16/20260916_145921_anjali,anjali,ensemble,10,4.955696,0
2026-09-16,authorized/2026-09-16/20260916_145921_anjali,anjali,svm,30,11.486134,0
2026-09-16,authorized/2026-09-16/20260916_145921_anjali,anjali,random_forest,30,11.486134,0
2026-09-16,authorized/2026-09-16/20260916_145921_anjali,anjali,hist_gradient_boost,30,11.486134,0
2026-09-16,authorized/2026-09-16/20260916_145921_anjali,anjali,cnn_bilstm,30,11.486134,0
2026-09-16,authorized/2026-09-16/20260916_145921_anjali,anjali,cnn_attention,30,11.486134,0
2026-09-16,authorized/2026-09-16/20260916_145921_anjali,anjali,ensemble,30,11.486134,0
2026-09-16,authorized/2026-09-16/20260916_145921_anjali,anjali,svm,45,16.585415,0
2026-09-16,authorized/2026-09-16/20260916_145921_anjali,anjali,random_forest,45,16.585415,0
2026-09-16,authorized/2026-09-16/20260916_145921_anjali,anjali,hist_gradient_boost,45,16.585415,0
2026-09-16,authorized/2026-09-16/20260916_145921_anjali,anjali,cnn_bilstm,45,16.585415,1
2026-09-16,authorized/2026-09-16/20260916_145921_anjali,anjali,cnn_attention,45,16.585415,1
2026-09-16,authorized/2026-09-16/20260916_145921_anjali,anjali,ensemble,45,16.585415,0
2026-09-16,authorized/2026-09-16/20260916_145921_anjali,anjali,svm,60,22.650147,0
2026-09-16,authorized/2026-09-16/20260916_145921_anjali,anjali,random_forest,60,22.650147,0
2026-09-16,authorized/2026-09-16/20260916_145921_anjali,anjali,hist_gradient_boost,60,22.650147,0
2026-09-16,authorized/2026-09-16/20260916_145921_anjali,anjali,cnn_bilstm,60,22.650147,1
2026-09-16,authorized/2026-09-16/20260916_145921_anjali,anjali,cnn_attention,60,22.650147,1
2026-09-16,authorized/2026-09-16/20260916_145921_anjali,anjali,ensemble,60,22.650147,0
2026-09-16,authorized/2026-09-16/20260916_145921_anjali,anjali,svm,90,35.637343,0
2026-09-16,authorized/2026-09-16/20260916_145921_anjali,anjali,random_forest,90,35.637343,0
2026-09-16,authorized/2026-09-16/20260916_145921_anjali,anjali,hist_gradient_boost,90,35.637343,0
2026-09-16,authorized/2026-09-16/20260916_145921_anjali,anjali,cnn_bilstm,90,35.637343,1
2026-09-16,authorized/2026-09-16/20260916_145921_anjali,anjali,cnn_attention,90,35.637343,1
2026-09-16,authorized/2026-09-16/20260916_145921_anjali,anjali,ensemble,90,35.637343,0
2026-09-16,authorized/2026-09-16/20260916_145921_anjali,anjali,svm,120,48.812284,0
2026-09-16,authorized/2026-09-16/20260916_145921_anjali,anjali,random_forest,120,48.812284,0
2026-09-16,authorized/2026-09-16/20260916_145921_anjali,anjali,hist_gradient_boost,120,48.812284,0
2026-09-16,authorized/2026-09-16/20260916_145921_anjali,anjali,cnn_bilstm,120,48.812284,1
2026-09-16,authorized/2026-09-16/20260916_145921_anjali,anjali,cnn_attention,120,48.812284,1
2026-09-16,authorized/2026-09-16/20260916_145921_anjali,anjali,ensemble,120,48.812284,0
2026-09-16,authorized/2026-09-16/20260916_145921_anjali,anjali,svm,150,61.164515,0
2026-09-16,authorized/2026-09-16/20260916_145921_anjali,anjali,random_forest,150,61.164515,0
2026-09-16,authorized/2026-09-16/20260916_145921_anjali,anjali,hist_gradient_boost,150,61.164515,0
2026-09-16,authorized/2026-09-16/20260916_145921_anjali,anjali,cnn_bilstm,150,61.164515,1
2026-09-16,authorized/2026-09-16/20260916_145921_anjali,anjali,cnn_attention,150,61.164515,1
2026-09-16,authorized/2026-09-16/20260916_145921_anjali,anjali,ensemble,150,61.164515,0
2026-09-16,authorized/2026-09-16/20260916_145921_anjali,anjali,svm,200,80.972228,0
2026-09-16,authorized/2026-09-16/20260916_145921_anjali,anjali,random_forest,200,80.972228,0
2026-09-16,authorized/2026-09-16/20260916_145921_anjali,anjali,hist_gradient_boost,200,80.972228,0
2026-09-16,authorized/2026-09-16/20260916_145921_anjali,anjali,cnn_bilstm,200,80.972228,1
2026-09-16,authorized/2026-09-16/20260916_145921_anjali,anjali,cnn_attention,200,80.972228,1
2026-09-16,authorized/2026-09-16/20260916_145921_anjali,anjali,ensemble,200,80.972228,0
2026-09-16,authorized/2026-09-16/20260916_145921_anjali,anjali,svm,300,119.457796,0
2026-09-16,authorized/2026-09-16/20260916_145921_anjali,anjali,random_forest,300,119.457796,0
2026-09-16,authorized/2026-09-16/20260916_145921_anjali,anjali,hist_gradient_boost,300,119.457796,0
2026-09-16,authorized/2026-09-16/20260916_145921_anjali,anjali,cnn_bilstm,300,119.457796,1
2026-09-16,authorized/2026-09-16/20260916_145921_anjali,anjali,cnn_attention,300,119.457796,1
2026-09-16,authorized/2026-09-16/20260916_145921_anjali,anjali,ensemble,300,119.457796,0
2026-09-16,authorized/2026-09-16/20260916_152145_barath,barath,svm,10,4.855606,1
2026-09-16,authorized/2026-09-16/20260916_152145_barath,barath,random_forest,10,4.855606,1
2026-09-16,authorized/2026-09-16/20260916_152145_barath,barath,hist_gradient_boost,10,4.855606,1
2026-09-16,authorized/2026-09-16/20260916_152145_barath,barath,cnn_bilstm,10,4.855606,1
2026-09-16,authorized/2026-09-16/20260916_152145_barath,barath,cnn_attention,10,4.855606,1
2026-09-16,authorized/2026-09-16/20260916_152145_barath,barath,ensemble,10,4.855606,1
2026-09-16,authorized/2026-09-16/20260916_152145_barath,barath,svm,30,13.127564,1
2026-09-16,authorized/2026-09-16/20260916_152145_barath,barath,random_forest,30,13.127564,1
2026-09-16,authorized/2026-09-16/20260916_152145_barath,barath,hist_gradient_boost,30,13.127564,1
2026-09-16,authorized/2026-09-16/20260916_152145_barath,barath,cnn_bilstm,30,13.127564,1
2026-09-16,authorized/2026-09-16/20260916_152145_barath,barath,cnn_attention,30,13.127564,1
2026-09-16,authorized/2026-09-16/20260916_152145_barath,barath,ensemble,30,13.127564,1
2026-09-16,authorized/2026-09-16/20260916_152145_barath,barath,svm,45,19.23961,1
2026-09-16,authorized/2026-09-16/20260916_152145_barath,barath,random_forest,45,19.23961,1
2026-09-16,authorized/2026-09-16/20260916_152145_barath,barath,hist_gradient_boost,45,19.23961,1
2026-09-16,authorized/2026-09-16/20260916_152145_barath,barath,cnn_bilstm,45,19.23961,1
2026-09-16,authorized/2026-09-16/20260916_152145_barath,barath,cnn_attention,45,19.23961,1
2026-09-16,authorized/2026-09-16/20260916_152145_barath,barath,ensemble,45,19.23961,1
2026-09-16,authorized/2026-09-16/20260916_152145_barath,barath,svm,60,25.403259,1
2026-09-16,authorized/2026-09-16/20260916_152145_barath,barath,random_forest,60,25.403259,1
2026-09-16,authorized/2026-09-16/20260916_152145_barath,barath,hist_gradient_boost,60,25.403259,1
2026-09-16,authorized/2026-09-16/20260916_152145_barath,barath,cnn_bilstm,60,25.403259,1
2026-09-16,authorized/2026-09-16/20260916_152145_barath,barath,cnn_attention,60,25.403259,1
2026-09-16,authorized/2026-09-16/20260916_152145_barath,barath,ensemble,60,25.403259,1
2026-09-16,authorized/2026-09-16/20260916_152145_barath,barath,svm,90,37.557112,1
2026-09-16,authorized/2026-09-16/20260916_152145_barath,barath,random_forest,90,37.557112,1
2026-09-16,authorized/2026-09-16/20260916_152145_barath,barath,hist_gradient_boost,90,37.557112,1
2026-09-16,authorized/2026-09-16/20260916_152145_barath,barath,cnn_bilstm,90,37.557112,1
2026-09-16,authorized/2026-09-16/20260916_152145_barath,barath,cnn_attention,90,37.557112,1
2026-09-16,authorized/2026-09-16/20260916_152145_barath,barath,ensemble,90,37.557112,1
2026-09-16,authorized/2026-09-16/20260916_152145_barath,barath,svm,120,49.546255,1
2026-09-16,authorized/2026-09-16/20260916_152145_barath,barath,random_forest,120,49.546255,1
2026-09-16,authorized/2026-09-16/20260916_152145_barath,barath,hist_gradient_boost,120,49.546255,1
2026-09-16,authorized/2026-09-16/20260916_152145_barath,barath,cnn_bilstm,120,49.546255,1
2026-09-16,authorized/2026-09-16/20260916_152145_barath,barath,cnn_attention,120,49.546255,1
2026-09-16,authorized/2026-09-16/20260916_152145_barath,barath,ensemble,120,49.546255,1
2026-09-16,authorized/2026-09-16/20260916_152145_barath,barath,svm,150,62.209805,1
2026-09-16,authorized/2026-09-16/20260916_152145_barath,barath,random_forest,150,62.209805,1
2026-09-16,authorized/2026-09-16/20260916_152145_barath,barath,hist_gradient_boost,150,62.209805,1
2026-09-16,authorized/2026-09-16/20260916_152145_barath,barath,cnn_bilstm,150,62.209805,1
2026-09-16,authorized/2026-09-16/20260916_152145_barath,barath,cnn_attention,150,62.209805,1
2026-09-16,authorized/2026-09-16/20260916_152145_barath,barath,ensemble,150,62.209805,1
2026-09-16,authorized/2026-09-16/20260916_152145_barath,barath,svm,200,82.742815,1
2026-09-16,authorized/2026-09-16/20260916_152145_barath,barath,random_forest,200,82.742815,1
2026-09-16,authorized/2026-09-16/20260916_152145_barath,barath,hist_gradient_boost,200,82.742815,1
2026-09-16,authorized/2026-09-16/20260916_152145_barath,barath,cnn_bilstm,200,82.742815,1
2026-09-16,authorized/2026-09-16/20260916_152145_barath,barath,cnn_attention,200,82.742815,1
2026-09-16,authorized/2026-09-16/20260916_152145_barath,barath,ensemble,200,82.742815,1
2026-09-16,authorized/2026-09-16/20260916_152145_barath,barath,svm,300,122.894149,1
2026-09-16,authorized/2026-09-16/20260916_152145_barath,barath,random_forest,300,122.894149,1
2026-09-16,authorized/2026-09-16/20260916_152145_barath,barath,hist_gradient_boost,300,122.894149,1
2026-09-16,authorized/2026-09-16/20260916_152145_barath,barath,cnn_bilstm,300,122.894149,1
2026-09-16,authorized/2026-09-16/20260916_152145_barath,barath,cnn_attention,300,122.894149,1
2026-09-16,authorized/2026-09-16/20260916_152145_barath,barath,ensemble,300,122.894149,1
2026-09-16,authorized/2026-09-16/20260916_152556_barath,barath,svm,10,4.636105,1
2026-09-16,authorized/2026-09-16/20260916_152556_barath,barath,random_forest,10,4.636105,1
2026-09-16,authorized/2026-09-16/20260916_152556_barath,barath,hist_gradient_boost,10,4.636105,1
2026-09-16,authorized/2026-09-16/20260916_152556_barath,barath,cnn_bilstm,10,4.636105,0
2026-09-16,authorized/2026-09-16/20260916_152556_barath,barath,cnn_attention,10,4.636105,1
2026-09-16,authorized/2026-09-16/20260916_152556_barath,barath,ensemble,10,4.636105,1
2026-09-16,authorized/2026-09-16/20260916_152556_barath,barath,svm,30,12.457231,1
2026-09-16,authorized/2026-09-16/20260916_152556_barath,barath,random_forest,30,12.457231,1
2026-09-16,authorized/2026-09-16/20260916_152556_barath,barath,hist_gradient_boost,30,12.457231,1
2026-09-16,authorized/2026-09-16/20260916_152556_barath,barath,cnn_bilstm,30,12.457231,1
2026-09-16,authorized/2026-09-16/20260916_152556_barath,barath,cnn_attention,30,12.457231,1
2026-09-16,authorized/2026-09-16/20260916_152556_barath,barath,ensemble,30,12.457231,1
2026-09-16,authorized/2026-09-16/20260916_152556_barath,barath,svm,45,18.325687,1
2026-09-16,authorized/2026-09-16/20260916_152556_barath,barath,random_forest,45,18.325687,1
2026-09-16,authorized/2026-09-16/20260916_152556_barath,barath,hist_gradient_boost,45,18.325687,1
2026-09-16,authorized/2026-09-16/20260916_152556_barath,barath,cnn_bilstm,45,18.325687,1
2026-09-16,authorized/2026-09-16/20260916_152556_barath,barath,cnn_attention,45,18.325687,1
2026-09-16,authorized/2026-09-16/20260916_152556_barath,barath,ensemble,45,18.325687,1
2026-09-16,authorized/2026-09-16/20260916_152556_barath,barath,svm,60,24.044162,1
2026-09-16,authorized/2026-09-16/20260916_152556_barath,barath,random_forest,60,24.044162,1
2026-09-16,authorized/2026-09-16/20260916_152556_barath,barath,hist_gradient_boost,60,24.044162,1
2026-09-16,authorized/2026-09-16/20260916_152556_barath,barath,cnn_bilstm,60,24.044162,1
2026-09-16,authorized/2026-09-16/20260916_152556_barath,barath,cnn_attention,60,24.044162,1
2026-09-16,authorized/2026-09-16/20260916_152556_barath,barath,ensemble,60,24.044162,1
2026-09-16,authorized/2026-09-16/20260916_152556_barath,barath,svm,90,36.239476,1
2026-09-16,authorized/2026-09-16/20260916_152556_barath,barath,random_forest,90,36.239476,1
2026-09-16,authorized/2026-09-16/20260916_152556_barath,barath,hist_gradient_boost,90,36.239476,1
2026-09-16,authorized/2026-09-16/20260916_152556_barath,barath,cnn_bilstm,90,36.239476,1
2026-09-16,authorized/2026-09-16/20260916_152556_barath,barath,cnn_attention,90,36.239476,1
2026-09-16,authorized/2026-09-16/20260916_152556_barath,barath,ensemble,90,36.239476,1
2026-09-16,authorized/2026-09-16/20260916_152556_barath,barath,svm,120,48.296397,1
2026-09-16,authorized/2026-09-16/20260916_152556_barath,barath,random_forest,120,48.296397,1
2026-09-16,authorized/2026-09-16/20260916_152556_barath,barath,hist_gradient_boost,120,48.296397,1
2026-09-16,authorized/2026-09-16/20260916_152556_barath,barath,cnn_bilstm,120,48.296397,1
2026-09-16,authorized/2026-09-16/20260916_152556_barath,barath,cnn_attention,120,48.296397,1
2026-09-16,authorized/2026-09-16/20260916_152556_barath,barath,ensemble,120,48.296397,1
2026-09-16,authorized/2026-09-16/20260916_152556_barath,barath,svm,150,60.667399,1
2026-09-16,authorized/2026-09-16/20260916_152556_barath,barath,random_forest,150,60.667399,1
2026-09-16,authorized/2026-09-16/20260916_152556_barath,barath,hist_gradient_boost,150,60.667399,1
2026-09-16,authorized/2026-09-16/20260916_152556_barath,barath,cnn_bilstm,150,60.667399,1
2026-09-16,authorized/2026-09-16/20260916_152556_barath,barath,cnn_attention,150,60.667399,1
2026-09-16,authorized/2026-09-16/20260916_152556_barath,barath,ensemble,150,60.667399,1
2026-09-16,authorized/2026-09-16/20260916_152556_barath,barath,svm,200,81.25821,1
2026-09-16,authorized/2026-09-16/20260916_152556_barath,barath,random_forest,200,81.25821,1
2026-09-16,authorized/2026-09-16/20260916_152556_barath,barath,hist_gradient_boost,200,81.25821,1
2026-09-16,authorized/2026-09-16/20260916_152556_barath,barath,cnn_bilstm,200,81.25821,1
2026-09-16,authorized/2026-09-16/20260916_152556_barath,barath,cnn_attention,200,81.25821,1
2026-09-16,authorized/2026-09-16/20260916_152556_barath,barath,ensemble,200,81.25821,1
2026-09-16,authorized/2026-09-16/20260916_152556_barath,barath,svm,300,122.083343,1
2026-09-16,authorized/2026-09-16/20260916_152556_barath,barath,random_forest,300,122.083343,1
2026-09-16,authorized/2026-09-16/20260916_152556_barath,barath,hist_gradient_boost,300,122.083343,1
2026-09-16,authorized/2026-09-16/20260916_152556_barath,barath,cnn_bilstm,300,122.083343,1
2026-09-16,authorized/2026-09-16/20260916_152556_barath,barath,cnn_attention,300,122.083343,1
2026-09-16,authorized/2026-09-16/20260916_152556_barath,barath,ensemble,300,122.083343,1
2026-09-16,authorized/2026-09-16/20260916_171125_barath,barath,svm,10,4.02362,1
2026-09-16,authorized/2026-09-16/20260916_171125_barath,barath,random_forest,10,4.02362,1
2026-09-16,authorized/2026-09-16/20260916_171125_barath,barath,hist_gradient_boost,10,4.02362,1
2026-09-16,authorized/2026-09-16/20260916_171125_barath,barath,cnn_bilstm,10,4.02362,1
2026-09-16,authorized/2026-09-16/20260916_171125_barath,barath,cnn_attention,10,4.02362,1
2026-09-16,authorized/2026-09-16/20260916_171125_barath,barath,ensemble,10,4.02362,1
2026-09-16,authorized/2026-09-16/20260916_171125_barath,barath,svm,30,13.092117,1
2026-09-16,authorized/2026-09-16/20260916_171125_barath,barath,random_forest,30,13.092117,1
2026-09-16,authorized/2026-09-16/20260916_171125_barath,barath,hist_gradient_boost,30,13.092117,1
2026-09-16,authorized/2026-09-16/20260916_171125_barath,barath,cnn_bilstm,30,13.092117,1
2026-09-16,authorized/2026-09-16/20260916_171125_barath,barath,cnn_attention,30,13.092117,1
2026-09-16,authorized/2026-09-16/20260916_171125_barath,barath,ensemble,30,13.092117,1
2026-09-16,authorized/2026-09-16/20260916_171125_barath,barath,svm,45,20.043591,1
2026-09-16,authorized/2026-09-16/20260916_171125_barath,barath,random_forest,45,20.043591,1
2026-09-16,authorized/2026-09-16/20260916_171125_barath,barath,hist_gradient_boost,45,20.043591,1
2026-09-16,authorized/2026-09-16/20260916_171125_barath,barath,cnn_bilstm,45,20.043591,1
2026-09-16,authorized/2026-09-16/20260916_171125_barath,barath,cnn_attention,45,20.043591,1
2026-09-16,authorized/2026-09-16/20260916_171125_barath,barath,ensemble,45,20.043591,1
2026-09-16,authorized/2026-09-16/20260916_171125_barath,barath,svm,60,26.782528,1
2026-09-16,authorized/2026-09-16/20260916_171125_barath,barath,random_forest,60,26.782528,1
2026-09-16,authorized/2026-09-16/20260916_171125_barath,barath,hist_gradient_boost,60,26.782528,1
2026-09-16,authorized/2026-09-16/20260916_171125_barath,barath,cnn_bilstm,60,26.782528,1
2026-09-16,authorized/2026-09-16/20260916_171125_barath,barath,cnn_attention,60,26.782528,1
2026-09-16,authorized/2026-09-16/20260916_171125_barath,barath,ensemble,60,26.782528,1
2026-09-16,authorized/2026-09-16/20260916_171125_barath,barath,svm,90,40.192836,1
2026-09-16,authorized/2026-09-16/20260916_171125_barath,barath,random_forest,90,40.192836,1
2026-09-16,authorized/2026-09-16/20260916_171125_barath,barath,hist_gradient_boost,90,40.192836,1
2026-09-16,authorized/2026-09-16/20260916_171125_barath,barath,cnn_bilstm,90,40.192836,1
2026-09-16,authorized/2026-09-16/20260916_171125_barath,barath,cnn_attention,90,40.192836,1
2026-09-16,authorized/2026-09-16/20260916_171125_barath,barath,ensemble,90,40.192836,1
2026-09-16,authorized/2026-09-16/20260916_171125_barath,barath,svm,120,53.450721,1
2026-09-16,authorized/2026-09-16/20260916_171125_barath,barath,random_forest,120,53.450721,1
2026-09-16,authorized/2026-09-16/20260916_171125_barath,barath,hist_gradient_boost,120,53.450721,1
2026-09-16,authorized/2026-09-16/20260916_171125_barath,barath,cnn_bilstm,120,53.450721,1
2026-09-16,authorized/2026-09-16/20260916_171125_barath,barath,cnn_attention,120,53.450721,1
2026-09-16,authorized/2026-09-16/20260916_171125_barath,barath,ensemble,120,53.450721,1
2026-09-16,authorized/2026-09-16/20260916_171125_barath,barath,svm,150,66.708539,1
2026-09-16,authorized/2026-09-16/20260916_171125_barath,barath,random_forest,150,66.708539,1
2026-09-16,authorized/2026-09-16/20260916_171125_barath,barath,hist_gradient_boost,150,66.708539,1
2026-09-16,authorized/2026-09-16/20260916_171125_barath,barath,cnn_bilstm,150,66.708539,1
2026-09-16,authorized/2026-09-16/20260916_171125_barath,barath,cnn_attention,150,66.708539,1
2026-09-16,authorized/2026-09-16/20260916_171125_barath,barath,ensemble,150,66.708539,1
2026-09-16,authorized/2026-09-16/20260916_171125_barath,barath,svm,200,88.230537,1
2026-09-16,authorized/2026-09-16/20260916_171125_barath,barath,random_forest,200,88.230537,1
2026-09-16,authorized/2026-09-16/20260916_171125_barath,barath,hist_gradient_boost,200,88.230537,1
2026-09-16,authorized/2026-09-16/20260916_171125_barath,barath,cnn_bilstm,200,88.230537,1
2026-09-16,authorized/2026-09-16/20260916_171125_barath,barath,cnn_attention,200,88.230537,1
2026-09-16,authorized/2026-09-16/20260916_171125_barath,barath,ensemble,200,88.230537,1
2026-09-17,authorized/2026-09-17/20260917_183129_anjali,anjali,svm,10,4.204532,1
2026-09-17,authorized/2026-09-17/20260917_183129_anjali,anjali,random_forest,10,4.204532,0
2026-09-17,authorized/2026-09-17/20260917_183129_anjali,anjali,hist_gradient_boost,10,4.204532,0
2026-09-17,authorized/2026-09-17/20260917_183129_anjali,anjali,cnn_bilstm,10,4.204532,0
2026-09-17,authorized/2026-09-17/20260917_183129_anjali,anjali,cnn_attention,10,4.204532,0
2026-09-17,authorized/2026-09-17/20260917_183129_anjali,anjali,ensemble,10,4.204532,0
2026-09-17,authorized/2026-09-17/20260917_183129_anjali,anjali,svm,30,14.474228,1
2026-09-17,authorized/2026-09-17/20260917_183129_anjali,anjali,random_forest,30,14.474228,0
2026-09-17,authorized/2026-09-17/20260917_183129_anjali,anjali,hist_gradient_boost,30,14.474228,0
2026-09-17,authorized/2026-09-17/20260917_183129_anjali,anjali,cnn_bilstm,30,14.474228,0
2026-09-17,authorized/2026-09-17/20260917_183129_anjali,anjali,cnn_attention,30,14.474228,0
2026-09-17,authorized/2026-09-17/20260917_183129_anjali,anjali,ensemble,30,14.474228,0
2026-09-17,authorized/2026-09-17/20260917_183129_anjali,anjali,svm,45,20.208298,1
2026-09-17,authorized/2026-09-17/20260917_183129_anjali,anjali,random_forest,45,20.208298,0
2026-09-17,authorized/2026-09-17/20260917_183129_anjali,anjali,hist_gradient_boost,45,20.208298,0
2026-09-17,authorized/2026-09-17/20260917_183129_anjali,anjali,cnn_bilstm,45,20.208298,0
2026-09-17,authorized/2026-09-17/20260917_183129_anjali,anjali,cnn_attention,45,20.208298,1
2026-09-17,authorized/2026-09-17/20260917_183129_anjali,anjali,ensemble,45,20.208298,0
2026-09-17,authorized/2026-09-17/20260917_183129_anjali,anjali,svm,60,26.361643,1
2026-09-17,authorized/2026-09-17/20260917_183129_anjali,anjali,random_forest,60,26.361643,0
2026-09-17,authorized/2026-09-17/20260917_183129_anjali,anjali,hist_gradient_boost,60,26.361643,0
2026-09-17,authorized/2026-09-17/20260917_183129_anjali,anjali,cnn_bilstm,60,26.361643,0
2026-09-17,authorized/2026-09-17/20260917_183129_anjali,anjali,cnn_attention,60,26.361643,1
2026-09-17,authorized/2026-09-17/20260917_183129_anjali,anjali,ensemble,60,26.361643,0
2026-09-17,authorized/2026-09-17/20260917_183129_anjali,anjali,svm,90,40.613819,1
2026-09-17,authorized/2026-09-17/20260917_183129_anjali,anjali,random_forest,90,40.613819,0
2026-09-17,authorized/2026-09-17/20260917_183129_anjali,anjali,hist_gradient_boost,90,40.613819,0
2026-09-17,authorized/2026-09-17/20260917_183129_anjali,anjali,cnn_bilstm,90,40.613819,0
2026-09-17,authorized/2026-09-17/20260917_183129_anjali,anjali,cnn_attention,90,40.613819,1
2026-09-17,authorized/2026-09-17/20260917_183129_anjali,anjali,ensemble,90,40.613819,0
2026-09-17,authorized/2026-09-17/20260917_183129_anjali,anjali,svm,120,53.018367,1
2026-09-17,authorized/2026-09-17/20260917_183129_anjali,anjali,random_forest,120,53.018367,0
2026-09-17,authorized/2026-09-17/20260917_183129_anjali,anjali,hist_gradient_boost,120,53.018367,0
2026-09-17,authorized/2026-09-17/20260917_183129_anjali,anjali,cnn_bilstm,120,53.018367,0
2026-09-17,authorized/2026-09-17/20260917_183129_anjali,anjali,cnn_attention,120,53.018367,0
2026-09-17,authorized/2026-09-17/20260917_183129_anjali,anjali,ensemble,120,53.018367,0
2026-09-17,authorized/2026-09-17/20260917_183129_anjali,anjali,svm,150,65.493859,1
2026-09-17,authorized/2026-09-17/20260917_183129_anjali,anjali,random_forest,150,65.493859,0
2026-09-17,authorized/2026-09-17/20260917_183129_anjali,anjali,hist_gradient_boost,150,65.493859,0
2026-09-17,authorized/2026-09-17/20260917_183129_anjali,anjali,cnn_bilstm,150,65.493859,0
2026-09-17,authorized/2026-09-17/20260917_183129_anjali,anjali,cnn_attention,150,65.493859,0
2026-09-17,authorized/2026-09-17/20260917_183129_anjali,anjali,ensemble,150,65.493859,0
2026-09-17,authorized/2026-09-17/20260917_183129_anjali,anjali,svm,200,89.508749,1
2026-09-17,authorized/2026-09-17/20260917_183129_anjali,anjali,random_forest,200,89.508749,0
2026-09-17,authorized/2026-09-17/20260917_183129_anjali,anjali,hist_gradient_boost,200,89.508749,0
2026-09-17,authorized/2026-09-17/20260917_183129_anjali,anjali,cnn_bilstm,200,89.508749,0
2026-09-17,authorized/2026-09-17/20260917_183129_anjali,anjali,cnn_attention,200,89.508749,0
2026-09-17,authorized/2026-09-17/20260917_183129_anjali,anjali,ensemble,200,89.508749,0
2026-09-17,authorized/2026-09-17/20260917_184714_anjali,anjali,svm,10,4.058257,0
2026-09-17,authorized/2026-09-17/20260917_184714_anjali,anjali,random_forest,10,4.058257,0
2026-09-17,authorized/2026-09-17/20260917_184714_anjali,anjali,hist_gradient_boost,10,4.058257,0
2026-09-17,authorized/2026-09-17/20260917_184714_anjali,anjali,cnn_bilstm,10,4.058257,0
2026-09-17,authorized/2026-09-17/20260917_184714_anjali,anjali,cnn_attention,10,4.058257,0
2026-09-17,authorized/2026-09-17/20260917_184714_anjali,anjali,ensemble,10,4.058257,0
2026-09-17,authorized/2026-09-17/20260917_184714_anjali,anjali,svm,30,12.43813,0
2026-09-17,authorized/2026-09-17/20260917_184714_anjali,anjali,random_forest,30,12.43813,0
2026-09-17,authorized/2026-09-17/20260917_184714_anjali,anjali,hist_gradient_boost,30,12.43813,0
2026-09-17,authorized/2026-09-17/20260917_184714_anjali,anjali,cnn_bilstm,30,12.43813,0
2026-09-17,authorized/2026-09-17/20260917_184714_anjali,anjali,cnn_attention,30,12.43813,0
2026-09-17,authorized/2026-09-17/20260917_184714_anjali,anjali,ensemble,30,12.43813,0
2026-09-17,authorized/2026-09-17/20260917_184714_anjali,anjali,svm,45,18.429694,0
2026-09-17,authorized/2026-09-17/20260917_184714_anjali,anjali,random_forest,45,18.429694,0
2026-09-17,authorized/2026-09-17/20260917_184714_anjali,anjali,hist_gradient_boost,45,18.429694,0
2026-09-17,authorized/2026-09-17/20260917_184714_anjali,anjali,cnn_bilstm,45,18.429694,0
2026-09-17,authorized/2026-09-17/20260917_184714_anjali,anjali,cnn_attention,45,18.429694,1
2026-09-17,authorized/2026-09-17/20260917_184714_anjali,anjali,ensemble,45,18.429694,0
2026-09-17,authorized/2026-09-17/20260917_184714_anjali,anjali,svm,60,26.583053,0
2026-09-17,authorized/2026-09-17/20260917_184714_anjali,anjali,random_forest,60,26.583053,0
2026-09-17,authorized/2026-09-17/20260917_184714_anjali,anjali,hist_gradient_boost,60,26.583053,0
2026-09-17,authorized/2026-09-17/20260917_184714_anjali,anjali,cnn_bilstm,60,26.583053,0
2026-09-17,authorized/2026-09-17/20260917_184714_anjali,anjali,cnn_attention,60,26.583053,0
2026-09-17,authorized/2026-09-17/20260917_184714_anjali,anjali,ensemble,60,26.583053,0
2026-09-17,authorized/2026-09-17/20260917_184714_anjali,anjali,svm,90,42.648136,0
2026-09-17,authorized/2026-09-17/20260917_184714_anjali,anjali,random_forest,90,42.648136,0
2026-09-17,authorized/2026-09-17/20260917_184714_anjali,anjali,hist_gradient_boost,90,42.648136,0
2026-09-17,authorized/2026-09-17/20260917_184714_anjali,anjali,cnn_bilstm,90,42.648136,0
2026-09-17,authorized/2026-09-17/20260917_184714_anjali,anjali,cnn_attention,90,42.648136,0
2026-09-17,authorized/2026-09-17/20260917_184714_anjali,anjali,ensemble,90,42.648136,0
2026-09-17,authorized/2026-09-17/20260917_184714_anjali,anjali,svm,120,55.541813,0
2026-09-17,authorized/2026-09-17/20260917_184714_anjali,anjali,random_forest,120,55.541813,0
2026-09-17,authorized/2026-09-17/20260917_184714_anjali,anjali,hist_gradient_boost,120,55.541813,0
2026-09-17,authorized/2026-09-17/20260917_184714_anjali,anjali,cnn_bilstm,120,55.541813,0
2026-09-17,authorized/2026-09-17/20260917_184714_anjali,anjali,cnn_attention,120,55.541813,0
2026-09-17,authorized/2026-09-17/20260917_184714_anjali,anjali,ensemble,120,55.541813,0
2026-09-17,authorized/2026-09-17/20260917_184714_anjali,anjali,svm,150,68.443525,0
2026-09-17,authorized/2026-09-17/20260917_184714_anjali,anjali,random_forest,150,68.443525,0
2026-09-17,authorized/2026-09-17/20260917_184714_anjali,anjali,hist_gradient_boost,150,68.443525,0
2026-09-17,authorized/2026-09-17/20260917_184714_anjali,anjali,cnn_bilstm,150,68.443525,0
2026-09-17,authorized/2026-09-17/20260917_184714_anjali,anjali,cnn_attention,150,68.443525,1
2026-09-17,authorized/2026-09-17/20260917_184714_anjali,anjali,ensemble,150,68.443525,0
2026-09-17,authorized/2026-09-17/20260917_184714_anjali,anjali,svm,200,89.771734,0
2026-09-17,authorized/2026-09-17/20260917_184714_anjali,anjali,random_forest,200,89.771734,0
2026-09-17,authorized/2026-09-17/20260917_184714_anjali,anjali,hist_gradient_boost,200,89.771734,0
2026-09-17,authorized/2026-09-17/20260917_184714_anjali,anjali,cnn_bilstm,200,89.771734,0
2026-09-17,authorized/2026-09-17/20260917_184714_anjali,anjali,cnn_attention,200,89.771734,1
2026-09-17,authorized/2026-09-17/20260917_184714_anjali,anjali,ensemble,200,89.771734,0
2026-09-17,authorized/2026-09-17/20260917_184937_anjali,anjali,svm,10,4.694149,0
2026-09-17,authorized/2026-09-17/20260917_184937_anjali,anjali,random_forest,10,4.694149,0
2026-09-17,authorized/2026-09-17/20260917_184937_anjali,anjali,hist_gradient_boost,10,4.694149,0
2026-09-17,authorized/2026-09-17/20260917_184937_anjali,anjali,cnn_bilstm,10,4.694149,0
2026-09-17,authorized/2026-09-17/20260917_184937_anjali,anjali,cnn_attention,10,4.694149,0
2026-09-17,authorized/2026-09-17/20260917_184937_anjali,anjali,ensemble,10,4.694149,0
2026-09-17,authorized/2026-09-17/20260917_184937_anjali,anjali,svm,30,12.214888,0
2026-09-17,authorized/2026-09-17/20260917_184937_anjali,anjali,random_forest,30,12.214888,0
2026-09-17,authorized/2026-09-17/20260917_184937_anjali,anjali,hist_gradient_boost,30,12.214888,0
2026-09-17,authorized/2026-09-17/20260917_184937_anjali,anjali,cnn_bilstm,30,12.214888,0
2026-09-17,authorized/2026-09-17/20260917_184937_anjali,anjali,cnn_attention,30,12.214888,1
2026-09-17,authorized/2026-09-17/20260917_184937_anjali,anjali,ensemble,30,12.214888,0
2026-09-17,authorized/2026-09-17/20260917_184937_anjali,anjali,svm,45,18.856528,0
2026-09-17,authorized/2026-09-17/20260917_184937_anjali,anjali,random_forest,45,18.856528,0
2026-09-17,authorized/2026-09-17/20260917_184937_anjali,anjali,hist_gradient_boost,45,18.856528,0
2026-09-17,authorized/2026-09-17/20260917_184937_anjali,anjali,cnn_bilstm,45,18.856528,0
2026-09-17,authorized/2026-09-17/20260917_184937_anjali,anjali,cnn_attention,45,18.856528,0
2026-09-17,authorized/2026-09-17/20260917_184937_anjali,anjali,ensemble,45,18.856528,0
2026-09-17,authorized/2026-09-17/20260917_184937_anjali,anjali,svm,60,24.93366,0
2026-09-17,authorized/2026-09-17/20260917_184937_anjali,anjali,random_forest,60,24.93366,0
2026-09-17,authorized/2026-09-17/20260917_184937_anjali,anjali,hist_gradient_boost,60,24.93366,0
2026-09-17,authorized/2026-09-17/20260917_184937_anjali,anjali,cnn_bilstm,60,24.93366,0
2026-09-17,authorized/2026-09-17/20260917_184937_anjali,anjali,cnn_attention,60,24.93366,0
2026-09-17,authorized/2026-09-17/20260917_184937_anjali,anjali,ensemble,60,24.93366,0
2026-09-17,authorized/2026-09-17/20260917_184937_anjali,anjali,svm,90,37.364613,0
2026-09-17,authorized/2026-09-17/20260917_184937_anjali,anjali,random_forest,90,37.364613,0
2026-09-17,authorized/2026-09-17/20260917_184937_anjali,anjali,hist_gradient_boost,90,37.364613,0
2026-09-17,authorized/2026-09-17/20260917_184937_anjali,anjali,cnn_bilstm,90,37.364613,0
2026-09-17,authorized/2026-09-17/20260917_184937_anjali,anjali,cnn_attention,90,37.364613,0
2026-09-17,authorized/2026-09-17/20260917_184937_anjali,anjali,ensemble,90,37.364613,0
2026-09-17,authorized/2026-09-17/20260917_184937_anjali,anjali,svm,120,50.273407,0
2026-09-17,authorized/2026-09-17/20260917_184937_anjali,anjali,random_forest,120,50.273407,0
2026-09-17,authorized/2026-09-17/20260917_184937_anjali,anjali,hist_gradient_boost,120,50.273407,0
2026-09-17,authorized/2026-09-17/20260917_184937_anjali,anjali,cnn_bilstm,120,50.273407,0
2026-09-17,authorized/2026-09-17/20260917_184937_anjali,anjali,cnn_attention,120,50.273407,0
2026-09-17,authorized/2026-09-17/20260917_184937_anjali,anjali,ensemble,120,50.273407,0
2026-09-17,authorized/2026-09-17/20260917_184937_anjali,anjali,svm,150,61.663866,0
2026-09-17,authorized/2026-09-17/20260917_184937_anjali,anjali,random_forest,150,61.663866,0
2026-09-17,authorized/2026-09-17/20260917_184937_anjali,anjali,hist_gradient_boost,150,61.663866,0
2026-09-17,authorized/2026-09-17/20260917_184937_anjali,anjali,cnn_bilstm,150,61.663866,0
2026-09-17,authorized/2026-09-17/20260917_184937_anjali,anjali,cnn_attention,150,61.663866,0
2026-09-17,authorized/2026-09-17/20260917_184937_anjali,anjali,ensemble,150,61.663866,0
2026-09-17,authorized/2026-09-17/20260917_184937_anjali,anjali,svm,200,82.173446,0
2026-09-17,authorized/2026-09-17/20260917_184937_anjali,anjali,random_forest,200,82.173446,0
2026-09-17,authorized/2026-09-17/20260917_184937_anjali,anjali,hist_gradient_boost,200,82.173446,0
2026-09-17,authorized/2026-09-17/20260917_184937_anjali,anjali,cnn_bilstm,200,82.173446,0
2026-09-17,authorized/2026-09-17/20260917_184937_anjali,anjali,cnn_attention,200,82.173446,0
2026-09-17,authorized/2026-09-17/20260917_184937_anjali,anjali,ensemble,200,82.173446,0
2026-09-17,authorized/2026-09-17/20260917_185221_barath,barath,svm,10,4.6382,1
2026-09-17,authorized/2026-09-17/20260917_185221_barath,barath,random_forest,10,4.6382,1
2026-09-17,authorized/2026-09-17/20260917_185221_barath,barath,hist_gradient_boost,10,4.6382,1
2026-09-17,authorized/2026-09-17/20260917_185221_barath,barath,cnn_bilstm,10,4.6382,1
2026-09-17,authorized/2026-09-17/20260917_185221_barath,barath,cnn_attention,10,4.6382,1
2026-09-17,authorized/2026-09-17/20260917_185221_barath,barath,ensemble,10,4.6382,1
2026-09-17,authorized/2026-09-17/20260917_185221_barath,barath,svm,30,12.12273,1
2026-09-17,authorized/2026-09-17/20260917_185221_barath,barath,random_forest,30,12.12273,1
2026-09-17,authorized/2026-09-17/20260917_185221_barath,barath,hist_gradient_boost,30,12.12273,1
2026-09-17,authorized/2026-09-17/20260917_185221_barath,barath,cnn_bilstm,30,12.12273,1
2026-09-17,authorized/2026-09-17/20260917_185221_barath,barath,cnn_attention,30,12.12273,1
2026-09-17,authorized/2026-09-17/20260917_185221_barath,barath,ensemble,30,12.12273,1
2026-09-17,authorized/2026-09-17/20260917_185221_barath,barath,svm,45,19.767634,1
2026-09-17,authorized/2026-09-17/20260917_185221_barath,barath,random_forest,45,19.767634,1
2026-09-17,authorized/2026-09-17/20260917_185221_barath,barath,hist_gradient_boost,45,19.767634,1
2026-09-17,authorized/2026-09-17/20260917_185221_barath,barath,cnn_bilstm,45,19.767634,1
2026-09-17,authorized/2026-09-17/20260917_185221_barath,barath,cnn_attention,45,19.767634,1
2026-09-17,authorized/2026-09-17/20260917_185221_barath,barath,ensemble,45,19.767634,1
2026-09-17,authorized/2026-09-17/20260917_185221_barath,barath,svm,60,25.195913,1
2026-09-17,authorized/2026-09-17/20260917_185221_barath,barath,random_forest,60,25.195913,1
2026-09-17,authorized/2026-09-17/20260917_185221_barath,barath,hist_gradient_boost,60,25.195913,1
2026-09-17,authorized/2026-09-17/20260917_185221_barath,barath,cnn_bilstm,60,25.195913,1
2026-09-17,authorized/2026-09-17/20260917_185221_barath,barath,cnn_attention,60,25.195913,1
2026-09-17,authorized/2026-09-17/20260917_185221_barath,barath,ensemble,60,25.195913,1
2026-09-17,authorized/2026-09-17/20260917_185221_barath,barath,svm,90,37.251277,1
2026-09-17,authorized/2026-09-17/20260917_185221_barath,barath,random_forest,90,37.251277,1
2026-09-17,authorized/2026-09-17/20260917_185221_barath,barath,hist_gradient_boost,90,37.251277,1
2026-09-17,authorized/2026-09-17/20260917_185221_barath,barath,cnn_bilstm,90,37.251277,1
2026-09-17,authorized/2026-09-17/20260917_185221_barath,barath,cnn_attention,90,37.251277,1
2026-09-17,authorized/2026-09-17/20260917_185221_barath,barath,ensemble,90,37.251277,1
2026-09-17,authorized/2026-09-17/20260917_185221_barath,barath,svm,120,49.359457,1
2026-09-17,authorized/2026-09-17/20260917_185221_barath,barath,random_forest,120,49.359457,1
2026-09-17,authorized/2026-09-17/20260917_185221_barath,barath,hist_gradient_boost,120,49.359457,1
2026-09-17,authorized/2026-09-17/20260917_185221_barath,barath,cnn_bilstm,120,49.359457,1
2026-09-17,authorized/2026-09-17/20260917_185221_barath,barath,cnn_attention,120,49.359457,1
2026-09-17,authorized/2026-09-17/20260917_185221_barath,barath,ensemble,120,49.359457,1
2026-09-17,authorized/2026-09-17/20260917_185221_barath,barath,svm,150,61.124608,1
2026-09-17,authorized/2026-09-17/20260917_185221_barath,barath,random_forest,150,61.124608,1
2026-09-17,authorized/2026-09-17/20260917_185221_barath,barath,hist_gradient_boost,150,61.124608,1
2026-09-17,authorized/2026-09-17/20260917_185221_barath,barath,cnn_bilstm,150,61.124608,1
2026-09-17,authorized/2026-09-17/20260917_185221_barath,barath,cnn_attention,150,61.124608,1
2026-09-17,authorized/2026-09-17/20260917_185221_barath,barath,ensemble,150,61.124608,1
2026-09-17,authorized/2026-09-17/20260917_185221_barath,barath,svm,200,81.47375,1
2026-09-17,authorized/2026-09-17/20260917_185221_barath,barath,random_forest,200,81.47375,1
2026-09-17,authorized/2026-09-17/20260917_185221_barath,barath,hist_gradient_boost,200,81.47375,1
2026-09-17,authorized/2026-09-17/20260917_185221_barath,barath,cnn_bilstm,200,81.47375,1
2026-09-17,authorized/2026-09-17/20260917_185221_barath,barath,cnn_attention,200,81.47375,1
2026-09-17,authorized/2026-09-17/20260917_185221_barath,barath,ensemble,200,81.47375,1
2026-09-17,authorized/2026-09-17/20260917_185506_barath,barath,svm,10,4.971,1
2026-09-17,authorized/2026-09-17/20260917_185506_barath,barath,random_forest,10,4.971,1
2026-09-17,authorized/2026-09-17/20260917_185506_barath,barath,hist_gradient_boost,10,4.971,1
2026-09-17,authorized/2026-09-17/20260917_185506_barath,barath,cnn_bilstm,10,4.971,1
2026-09-17,authorized/2026-09-17/20260917_185506_barath,barath,cnn_attention,10,4.971,1
2026-09-17,authorized/2026-09-17/20260917_185506_barath,barath,ensemble,10,4.971,1
2026-09-17,authorized/2026-09-17/20260917_185506_barath,barath,svm,30,12.846461,1
2026-09-17,authorized/2026-09-17/20260917_185506_barath,barath,random_forest,30,12.846461,1
2026-09-17,authorized/2026-09-17/20260917_185506_barath,barath,hist_gradient_boost,30,12.846461,1
2026-09-17,authorized/2026-09-17/20260917_185506_barath,barath,cnn_bilstm,30,12.846461,1
2026-09-17,authorized/2026-09-17/20260917_185506_barath,barath,cnn_attention,30,12.846461,1
2026-09-17,authorized/2026-09-17/20260917_185506_barath,barath,ensemble,30,12.846461,1
2026-09-17,authorized/2026-09-17/20260917_185506_barath,barath,svm,45,19.937695,1
2026-09-17,authorized/2026-09-17/20260917_185506_barath,barath,random_forest,45,19.937695,1
2026-09-17,authorized/2026-09-17/20260917_185506_barath,barath,hist_gradient_boost,45,19.937695,1
2026-09-17,authorized/2026-09-17/20260917_185506_barath,barath,cnn_bilstm,45,19.937695,1
2026-09-17,authorized/2026-09-17/20260917_185506_barath,barath,cnn_attention,45,19.937695,1
2026-09-17,authorized/2026-09-17/20260917_185506_barath,barath,ensemble,45,19.937695,1
2026-09-17,authorized/2026-09-17/20260917_185506_barath,barath,svm,60,25.365908,1
2026-09-17,authorized/2026-09-17/20260917_185506_barath,barath,random_forest,60,25.365908,1
2026-09-17,authorized/2026-09-17/20260917_185506_barath,barath,hist_gradient_boost,60,25.365908,1
2026-09-17,authorized/2026-09-17/20260917_185506_barath,barath,cnn_bilstm,60,25.365908,1
2026-09-17,authorized/2026-09-17/20260917_185506_barath,barath,cnn_attention,60,25.365908,1
2026-09-17,authorized/2026-09-17/20260917_185506_barath,barath,ensemble,60,25.365908,1
2026-09-17,authorized/2026-09-17/20260917_185506_barath,barath,svm,90,37.513266,1
2026-09-17,authorized/2026-09-17/20260917_185506_barath,barath,random_forest,90,37.513266,1
2026-09-17,authorized/2026-09-17/20260917_185506_barath,barath,hist_gradient_boost,90,37.513266,1
2026-09-17,authorized/2026-09-17/20260917_185506_barath,barath,cnn_bilstm,90,37.513266,1
2026-09-17,authorized/2026-09-17/20260917_185506_barath,barath,cnn_attention,90,37.513266,1
2026-09-17,authorized/2026-09-17/20260917_185506_barath,barath,ensemble,90,37.513266,1
2026-09-17,authorized/2026-09-17/20260917_185506_barath,barath,svm,120,50.02341,1
2026-09-17,authorized/2026-09-17/20260917_185506_barath,barath,random_forest,120,50.02341,1
2026-09-17,authorized/2026-09-17/20260917_185506_barath,barath,hist_gradient_boost,120,50.02341,1
2026-09-17,authorized/2026-09-17/20260917_185506_barath,barath,cnn_bilstm,120,50.02341,1
2026-09-17,authorized/2026-09-17/20260917_185506_barath,barath,cnn_attention,120,50.02341,1
2026-09-17,authorized/2026-09-17/20260917_185506_barath,barath,ensemble,120,50.02341,1
2026-09-17,authorized/2026-09-17/20260917_185506_barath,barath,svm,150,61.878257,1
2026-09-17,authorized/2026-09-17/20260917_185506_barath,barath,random_forest,150,61.878257,1
2026-09-17,authorized/2026-09-17/20260917_185506_barath,barath,hist_gradient_boost,150,61.878257,1
2026-09-17,authorized/2026-09-17/20260917_185506_barath,barath,cnn_bilstm,150,61.878257,1
2026-09-17,authorized/2026-09-17/20260917_185506_barath,barath,cnn_attention,150,61.878257,1
2026-09-17,authorized/2026-09-17/20260917_185506_barath,barath,ensemble,150,61.878257,1
2026-09-17,authorized/2026-09-17/20260917_185506_barath,barath,svm,200,81.431115,1
2026-09-17,authorized/2026-09-17/20260917_185506_barath,barath,random_forest,200,81.431115,1
2026-09-17,authorized/2026-09-17/20260917_185506_barath,barath,hist_gradient_boost,200,81.431115,1
2026-09-17,authorized/2026-09-17/20260917_185506_barath,barath,cnn_bilstm,200,81.431115,1
2026-09-17,authorized/2026-09-17/20260917_185506_barath,barath,cnn_attention,200,81.431115,1
2026-09-17,authorized/2026-09-17/20260917_185506_barath,barath,ensemble,200,81.431115,1
2026-09-21,authorized/2026-09-21/20260921_171752_anjali,anjali,svm,10,2.570484,1
2026-09-21,authorized/2026-09-21/20260921_171752_anjali,anjali,random_forest,10,2.570484,1
2026-09-21,authorized/2026-09-21/20260921_171752_anjali,anjali,hist_gradient_boost,10,2.570484,1
2026-09-21,authorized/2026-09-21/20260921_171752_anjali,anjali,cnn_bilstm,10,2.570484,1
2026-09-21,authorized/2026-09-21/20260921_171752_anjali,anjali,cnn_attention,10,2.570484,1
2026-09-21,authorized/2026-09-21/20260921_171752_anjali,anjali,ensemble,10,2.570484,1
2026-09-21,authorized/2026-09-21/20260921_171752_anjali,anjali,svm,30,6.478412,1
2026-09-21,authorized/2026-09-21/20260921_171752_anjali,anjali,random_forest,30,6.478412,1
2026-09-21,authorized/2026-09-21/20260921_171752_anjali,anjali,hist_gradient_boost,30,6.478412,1
2026-09-21,authorized/2026-09-21/20260921_171752_anjali,anjali,cnn_bilstm,30,6.478412,1
2026-09-21,authorized/2026-09-21/20260921_171752_anjali,anjali,cnn_attention,30,6.478412,1
2026-09-21,authorized/2026-09-21/20260921_171752_anjali,anjali,ensemble,30,6.478412,1
2026-09-21,authorized/2026-09-21/20260921_171752_anjali,anjali,svm,45,8.861756,1
2026-09-21,authorized/2026-09-21/20260921_171752_anjali,anjali,random_forest,45,8.861756,1
2026-09-21,authorized/2026-09-21/20260921_171752_anjali,anjali,hist_gradient_boost,45,8.861756,1
2026-09-21,authorized/2026-09-21/20260921_171752_anjali,anjali,cnn_bilstm,45,8.861756,1
2026-09-21,authorized/2026-09-21/20260921_171752_anjali,anjali,cnn_attention,45,8.861756,1
2026-09-21,authorized/2026-09-21/20260921_171752_anjali,anjali,ensemble,45,8.861756,1
2026-09-21,authorized/2026-09-21/20260921_171752_anjali,anjali,svm,60,11.388421,1
2026-09-21,authorized/2026-09-21/20260921_171752_anjali,anjali,random_forest,60,11.388421,1
2026-09-21,authorized/2026-09-21/20260921_171752_anjali,anjali,hist_gradient_boost,60,11.388421,1
2026-09-21,authorized/2026-09-21/20260921_171752_anjali,anjali,cnn_bilstm,60,11.388421,1
2026-09-21,authorized/2026-09-21/20260921_171752_anjali,anjali,cnn_attention,60,11.388421,1
2026-09-21,authorized/2026-09-21/20260921_171752_anjali,anjali,ensemble,60,11.388421,1
2026-09-21,authorized/2026-09-21/20260921_171752_anjali,anjali,svm,90,17.095595,1
2026-09-21,authorized/2026-09-21/20260921_171752_anjali,anjali,random_forest,90,17.095595,1
2026-09-21,authorized/2026-09-21/20260921_171752_anjali,anjali,hist_gradient_boost,90,17.095595,1
2026-09-21,authorized/2026-09-21/20260921_171752_anjali,anjali,cnn_bilstm,90,17.095595,1
2026-09-21,authorized/2026-09-21/20260921_171752_anjali,anjali,cnn_attention,90,17.095595,1
2026-09-21,authorized/2026-09-21/20260921_171752_anjali,anjali,ensemble,90,17.095595,1
2026-09-21,authorized/2026-09-21/20260921_171752_anjali,anjali,svm,120,24.347817,1
2026-09-21,authorized/2026-09-21/20260921_171752_anjali,anjali,random_forest,120,24.347817,1
2026-09-21,authorized/2026-09-21/20260921_171752_anjali,anjali,hist_gradient_boost,120,24.347817,1
2026-09-21,authorized/2026-09-21/20260921_171752_anjali,anjali,cnn_bilstm,120,24.347817,1
2026-09-21,authorized/2026-09-21/20260921_171752_anjali,anjali,cnn_attention,120,24.347817,1
2026-09-21,authorized/2026-09-21/20260921_171752_anjali,anjali,ensemble,120,24.347817,1
2026-09-21,authorized/2026-09-21/20260921_171752_anjali,anjali,svm,150,30.709766,1
2026-09-21,authorized/2026-09-21/20260921_171752_anjali,anjali,random_forest,150,30.709766,1
2026-09-21,authorized/2026-09-21/20260921_171752_anjali,anjali,hist_gradient_boost,150,30.709766,1
2026-09-21,authorized/2026-09-21/20260921_171752_anjali,anjali,cnn_bilstm,150,30.709766,1
2026-09-21,authorized/2026-09-21/20260921_171752_anjali,anjali,cnn_attention,150,30.709766,1
2026-09-21,authorized/2026-09-21/20260921_171752_anjali,anjali,ensemble,150,30.709766,1
2026-09-21,authorized/2026-09-21/20260921_171752_anjali,anjali,svm,200,41.407786,1
2026-09-21,authorized/2026-09-21/20260921_171752_anjali,anjali,random_forest,200,41.407786,1
2026-09-21,authorized/2026-09-21/20260921_171752_anjali,anjali,hist_gradient_boost,200,41.407786,1
2026-09-21,authorized/2026-09-21/20260921_171752_anjali,anjali,cnn_bilstm,200,41.407786,1
2026-09-21,authorized/2026-09-21/20260921_171752_anjali,anjali,cnn_attention,200,41.407786,1
2026-09-21,authorized/2026-09-21/20260921_171752_anjali,anjali,ensemble,200,41.407786,1
2026-09-21,authorized/2026-09-21/20260921_171752_anjali,anjali,svm,300,62.602975,1
2026-09-21,authorized/2026-09-21/20260921_171752_anjali,anjali,random_forest,300,62.602975,1
2026-09-21,authorized/2026-09-21/20260921_171752_anjali,anjali,hist_gradient_boost,300,62.602975,1
2026-09-21,authorized/2026-09-21/20260921_171752_anjali,anjali,cnn_bilstm,300,62.602975,1
2026-09-21,authorized/2026-09-21/20260921_171752_anjali,anjali,cnn_attention,300,62.602975,1
2026-09-21,authorized/2026-09-21/20260921_171752_anjali,anjali,ensemble,300,62.602975,1
2026-09-21,authorized/2026-09-21/20260921_172059_anjali,anjali,svm,10,2.200558,0
2026-09-21,authorized/2026-09-21/20260921_172059_anjali,anjali,random_forest,10,2.200558,0
2026-09-21,authorized/2026-09-21/20260921_172059_anjali,anjali,hist_gradient_boost,10,2.200558,0
2026-09-21,authorized/2026-09-21/20260921_172059_anjali,anjali,cnn_bilstm,10,2.200558,1
2026-09-21,authorized/2026-09-21/20260921_172059_anjali,anjali,cnn_attention,10,2.200558,1
2026-09-21,authorized/2026-09-21/20260921_172059_anjali,anjali,ensemble,10,2.200558,1
2026-09-21,authorized/2026-09-21/20260921_172059_anjali,anjali,svm,30,6.938449,1
2026-09-21,authorized/2026-09-21/20260921_172059_anjali,anjali,random_forest,30,6.938449,1
2026-09-21,authorized/2026-09-21/20260921_172059_anjali,anjali,hist_gradient_boost,30,6.938449,1
2026-09-21,authorized/2026-09-21/20260921_172059_anjali,anjali,cnn_bilstm,30,6.938449,1
2026-09-21,authorized/2026-09-21/20260921_172059_anjali,anjali,cnn_attention,30,6.938449,1
2026-09-21,authorized/2026-09-21/20260921_172059_anjali,anjali,ensemble,30,6.938449,1
2026-09-21,authorized/2026-09-21/20260921_172059_anjali,anjali,svm,45,12.69667,1
2026-09-21,authorized/2026-09-21/20260921_172059_anjali,anjali,random_forest,45,12.69667,1
2026-09-21,authorized/2026-09-21/20260921_172059_anjali,anjali,hist_gradient_boost,45,12.69667,1
2026-09-21,authorized/2026-09-21/20260921_172059_anjali,anjali,cnn_bilstm,45,12.69667,1
2026-09-21,authorized/2026-09-21/20260921_172059_anjali,anjali,cnn_attention,45,12.69667,1
2026-09-21,authorized/2026-09-21/20260921_172059_anjali,anjali,ensemble,45,12.69667,1
2026-09-21,authorized/2026-09-21/20260921_172059_anjali,anjali,svm,60,15.585352,1
2026-09-21,authorized/2026-09-21/20260921_172059_anjali,anjali,random_forest,60,15.585352,1
2026-09-21,authorized/2026-09-21/20260921_172059_anjali,anjali,hist_gradient_boost,60,15.585352,1
2026-09-21,authorized/2026-09-21/20260921_172059_anjali,anjali,cnn_bilstm,60,15.585352,1
2026-09-21,authorized/2026-09-21/20260921_172059_anjali,anjali,cnn_attention,60,15.585352,1
2026-09-21,authorized/2026-09-21/20260921_172059_anjali,anjali,ensemble,60,15.585352,1
2026-09-21,authorized/2026-09-21/20260921_172059_anjali,anjali,svm,90,22.482719,1
2026-09-21,authorized/2026-09-21/20260921_172059_anjali,anjali,random_forest,90,22.482719,1
2026-09-21,authorized/2026-09-21/20260921_172059_anjali,anjali,hist_gradient_boost,90,22.482719,1
2026-09-21,authorized/2026-09-21/20260921_172059_anjali,anjali,cnn_bilstm,90,22.482719,1
2026-09-21,authorized/2026-09-21/20260921_172059_anjali,anjali,cnn_attention,90,22.482719,1
2026-09-21,authorized/2026-09-21/20260921_172059_anjali,anjali,ensemble,90,22.482719,1
2026-09-21,authorized/2026-09-21/20260921_172059_anjali,anjali,svm,120,28.80567,1
2026-09-21,authorized/2026-09-21/20260921_172059_anjali,anjali,random_forest,120,28.80567,1
2026-09-21,authorized/2026-09-21/20260921_172059_anjali,anjali,hist_gradient_boost,120,28.80567,1
2026-09-21,authorized/2026-09-21/20260921_172059_anjali,anjali,cnn_bilstm,120,28.80567,1
2026-09-21,authorized/2026-09-21/20260921_172059_anjali,anjali,cnn_attention,120,28.80567,1
2026-09-21,authorized/2026-09-21/20260921_172059_anjali,anjali,ensemble,120,28.80567,1
2026-09-21,authorized/2026-09-21/20260921_172059_anjali,anjali,svm,150,34.877325,1
2026-09-21,authorized/2026-09-21/20260921_172059_anjali,anjali,random_forest,150,34.877325,1
2026-09-21,authorized/2026-09-21/20260921_172059_anjali,anjali,hist_gradient_boost,150,34.877325,1
2026-09-21,authorized/2026-09-21/20260921_172059_anjali,anjali,cnn_bilstm,150,34.877325,1
2026-09-21,authorized/2026-09-21/20260921_172059_anjali,anjali,cnn_attention,150,34.877325,1
2026-09-21,authorized/2026-09-21/20260921_172059_anjali,anjali,ensemble,150,34.877325,1
2026-09-21,authorized/2026-09-21/20260921_172059_anjali,anjali,svm,200,45.525141,1
2026-09-21,authorized/2026-09-21/20260921_172059_anjali,anjali,random_forest,200,45.525141,1
2026-09-21,authorized/2026-09-21/20260921_172059_anjali,anjali,hist_gradient_boost,200,45.525141,1
2026-09-21,authorized/2026-09-21/20260921_172059_anjali,anjali,cnn_bilstm,200,45.525141,1
2026-09-21,authorized/2026-09-21/20260921_172059_anjali,anjali,cnn_attention,200,45.525141,1
2026-09-21,authorized/2026-09-21/20260921_172059_anjali,anjali,ensemble,200,45.525141,1
2026-09-21,authorized/2026-09-21/20260921_172059_anjali,anjali,svm,300,66.503713,1
2026-09-21,authorized/2026-09-21/20260921_172059_anjali,anjali,random_forest,300,66.503713,1
2026-09-21,authorized/2026-09-21/20260921_172059_anjali,anjali,hist_gradient_boost,300,66.503713,1
2026-09-21,authorized/2026-09-21/20260921_172059_anjali,anjali,cnn_bilstm,300,66.503713,1
2026-09-21,authorized/2026-09-21/20260921_172059_anjali,anjali,cnn_attention,300,66.503713,1
2026-09-21,authorized/2026-09-21/20260921_172059_anjali,anjali,ensemble,300,66.503713,1
2026-09-21,authorized/2026-09-21/20260921_172447_barath,barath,svm,10,3.122137,1
2026-09-21,authorized/2026-09-21/20260921_172447_barath,barath,random_forest,10,3.122137,0
2026-09-21,authorized/2026-09-21/20260921_172447_barath,barath,hist_gradient_boost,10,3.122137,1
2026-09-21,authorized/2026-09-21/20260921_172447_barath,barath,cnn_bilstm,10,3.122137,1
2026-09-21,authorized/2026-09-21/20260921_172447_barath,barath,cnn_attention,10,3.122137,1
2026-09-21,authorized/2026-09-21/20260921_172447_barath,barath,ensemble,10,3.122137,1
2026-09-21,authorized/2026-09-21/20260921_172447_barath,barath,svm,30,6.88914,1
2026-09-21,authorized/2026-09-21/20260921_172447_barath,barath,random_forest,30,6.88914,1
2026-09-21,authorized/2026-09-21/20260921_172447_barath,barath,hist_gradient_boost,30,6.88914,1
2026-09-21,authorized/2026-09-21/20260921_172447_barath,barath,cnn_bilstm,30,6.88914,1
2026-09-21,authorized/2026-09-21/20260921_172447_barath,barath,cnn_attention,30,6.88914,1
2026-09-21,authorized/2026-09-21/20260921_172447_barath,barath,ensemble,30,6.88914,1
2026-09-21,authorized/2026-09-21/20260921_172447_barath,barath,svm,45,10.068784,1
2026-09-21,authorized/2026-09-21/20260921_172447_barath,barath,random_forest,45,10.068784,1
2026-09-21,authorized/2026-09-21/20260921_172447_barath,barath,hist_gradient_boost,45,10.068784,1
2026-09-21,authorized/2026-09-21/20260921_172447_barath,barath,cnn_bilstm,45,10.068784,1
2026-09-21,authorized/2026-09-21/20260921_172447_barath,barath,cnn_attention,45,10.068784,1
2026-09-21,authorized/2026-09-21/20260921_172447_barath,barath,ensemble,45,10.068784,1
2026-09-21,authorized/2026-09-21/20260921_172447_barath,barath,svm,60,12.69697,1
2026-09-21,authorized/2026-09-21/20260921_172447_barath,barath,random_forest,60,12.69697,1
2026-09-21,authorized/2026-09-21/20260921_172447_barath,barath,hist_gradient_boost,60,12.69697,1
2026-09-21,authorized/2026-09-21/20260921_172447_barath,barath,cnn_bilstm,60,12.69697,1
2026-09-21,authorized/2026-09-21/20260921_172447_barath,barath,cnn_attention,60,12.69697,1
2026-09-21,authorized/2026-09-21/20260921_172447_barath,barath,ensemble,60,12.69697,1
2026-09-21,authorized/2026-09-21/20260921_172447_barath,barath,svm,90,18.862678,1
2026-09-21,authorized/2026-09-21/20260921_172447_barath,barath,random_forest,90,18.862678,1
2026-09-21,authorized/2026-09-21/20260921_172447_barath,barath,hist_gradient_boost,90,18.862678,1
2026-09-21,authorized/2026-09-21/20260921_172447_barath,barath,cnn_bilstm,90,18.862678,1
2026-09-21,authorized/2026-09-21/20260921_172447_barath,barath,cnn_attention,90,18.862678,1
2026-09-21,authorized/2026-09-21/20260921_172447_barath,barath,ensemble,90,18.862678,1
2026-09-21,authorized/2026-09-21/20260921_172447_barath,barath,svm,120,24.847333,1
2026-09-21,authorized/2026-09-21/20260921_172447_barath,barath,random_forest,120,24.847333,1
2026-09-21,authorized/2026-09-21/20260921_172447_barath,barath,hist_gradient_boost,120,24.847333,1
2026-09-21,authorized/2026-09-21/20260921_172447_barath,barath,cnn_bilstm,120,24.847333,1
2026-09-21,authorized/2026-09-21/20260921_172447_barath,barath,cnn_attention,120,24.847333,1
2026-09-21,authorized/2026-09-21/20260921_172447_barath,barath,ensemble,120,24.847333,1
2026-09-21,authorized/2026-09-21/20260921_172447_barath,barath,svm,150,30.785814,1
2026-09-21,authorized/2026-09-21/20260921_172447_barath,barath,random_forest,150,30.785814,1
2026-09-21,authorized/2026-09-21/20260921_172447_barath,barath,hist_gradient_boost,150,30.785814,1
2026-09-21,authorized/2026-09-21/20260921_172447_barath,barath,cnn_bilstm,150,30.785814,1
2026-09-21,authorized/2026-09-21/20260921_172447_barath,barath,cnn_attention,150,30.785814,1
2026-09-21,authorized/2026-09-21/20260921_172447_barath,barath,ensemble,150,30.785814,1
2026-09-21,authorized/2026-09-21/20260921_172447_barath,barath,svm,200,42.196429,1
2026-09-21,authorized/2026-09-21/20260921_172447_barath,barath,random_forest,200,42.196429,1
2026-09-21,authorized/2026-09-21/20260921_172447_barath,barath,hist_gradient_boost,200,42.196429,1
2026-09-21,authorized/2026-09-21/20260921_172447_barath,barath,cnn_bilstm,200,42.196429,1
2026-09-21,authorized/2026-09-21/20260921_172447_barath,barath,cnn_attention,200,42.196429,1
2026-09-21,authorized/2026-09-21/20260921_172447_barath,barath,ensemble,200,42.196429,1
2026-09-21,authorized/2026-09-21/20260921_172447_barath,barath,svm,300,62.011631,1
2026-09-21,authorized/2026-09-21/20260921_172447_barath,barath,random_forest,300,62.011631,1
2026-09-21,authorized/2026-09-21/20260921_172447_barath,barath,hist_gradient_boost,300,62.011631,1
2026-09-21,authorized/2026-09-21/20260921_172447_barath,barath,cnn_bilstm,300,62.011631,1
2026-09-21,authorized/2026-09-21/20260921_172447_barath,barath,cnn_attention,300,62.011631,1
2026-09-21,authorized/2026-09-21/20260921_172447_barath,barath,ensemble,300,62.011631,1
2026-09-21,authorized/2026-09-21/20260921_172757_barath,barath,svm,10,-226.670867,1
2026-09-21,authorized/2026-09-21/20260921_172757_barath,barath,random_forest,10,-226.670867,1
2026-09-21,authorized/2026-09-21/20260921_172757_barath,barath,hist_gradient_boost,10,-226.670867,1
2026-09-21,authorized/2026-09-21/20260921_172757_barath,barath,cnn_bilstm,10,-226.670867,1
2026-09-21,authorized/2026-09-21/20260921_172757_barath,barath,cnn_attention,10,-226.670867,1
2026-09-21,authorized/2026-09-21/20260921_172757_barath,barath,ensemble,10,-226.670867,1
2026-09-21,authorized/2026-09-21/20260921_172757_barath,barath,svm,30,-222.871822,1
2026-09-21,authorized/2026-09-21/20260921_172757_barath,barath,random_forest,30,-222.871822,1
2026-09-21,authorized/2026-09-21/20260921_172757_barath,barath,hist_gradient_boost,30,-222.871822,1
2026-09-21,authorized/2026-09-21/20260921_172757_barath,barath,cnn_bilstm,30,-222.871822,1
2026-09-21,authorized/2026-09-21/20260921_172757_barath,barath,cnn_attention,30,-222.871822,1
2026-09-21,authorized/2026-09-21/20260921_172757_barath,barath,ensemble,30,-222.871822,1
2026-09-21,authorized/2026-09-21/20260921_172757_barath,barath,svm,45,-219.663888,1
2026-09-21,authorized/2026-09-21/20260921_172757_barath,barath,random_forest,45,-219.663888,1
2026-09-21,authorized/2026-09-21/20260921_172757_barath,barath,hist_gradient_boost,45,-219.663888,1
2026-09-21,authorized/2026-09-21/20260921_172757_barath,barath,cnn_bilstm,45,-219.663888,1
2026-09-21,authorized/2026-09-21/20260921_172757_barath,barath,cnn_attention,45,-219.663888,1
2026-09-21,authorized/2026-09-21/20260921_172757_barath,barath,ensemble,45,-219.663888,1
2026-09-21,authorized/2026-09-21/20260921_172757_barath,barath,svm,60,-216.583201,1
2026-09-21,authorized/2026-09-21/20260921_172757_barath,barath,random_forest,60,-216.583201,1
2026-09-21,authorized/2026-09-21/20260921_172757_barath,barath,hist_gradient_boost,60,-216.583201,1
2026-09-21,authorized/2026-09-21/20260921_172757_barath,barath,cnn_bilstm,60,-216.583201,1
2026-09-21,authorized/2026-09-21/20260921_172757_barath,barath,cnn_attention,60,-216.583201,1
2026-09-21,authorized/2026-09-21/20260921_172757_barath,barath,ensemble,60,-216.583201,1
2026-09-21,authorized/2026-09-21/20260921_172757_barath,barath,svm,90,-210.999572,1
2026-09-21,authorized/2026-09-21/20260921_172757_barath,barath,random_forest,90,-210.999572,1
2026-09-21,authorized/2026-09-21/20260921_172757_barath,barath,hist_gradient_boost,90,-210.999572,1
2026-09-21,authorized/2026-09-21/20260921_172757_barath,barath,cnn_bilstm,90,-210.999572,1
2026-09-21,authorized/2026-09-21/20260921_172757_barath,barath,cnn_attention,90,-210.999572,1
2026-09-21,authorized/2026-09-21/20260921_172757_barath,barath,ensemble,90,-210.999572,1
2026-09-21,authorized/2026-09-21/20260921_172757_barath,barath,svm,120,-204.750096,1
2026-09-21,authorized/2026-09-21/20260921_172757_barath,barath,random_forest,120,-204.750096,1
2026-09-21,authorized/2026-09-21/20260921_172757_barath,barath,hist_gradient_boost,120,-204.750096,1
2026-09-21,authorized/2026-09-21/20260921_172757_barath,barath,cnn_bilstm,120,-204.750096,1
2026-09-21,authorized/2026-09-21/20260921_172757_barath,barath,cnn_attention,120,-204.750096,1
2026-09-21,authorized/2026-09-21/20260921_172757_barath,barath,ensemble,120,-204.750096,1
2026-09-21,authorized/2026-09-21/20260921_172757_barath,barath,svm,150,-198.491557,1
2026-09-21,authorized/2026-09-21/20260921_172757_barath,barath,random_forest,150,-198.491557,1
2026-09-21,authorized/2026-09-21/20260921_172757_barath,barath,hist_gradient_boost,150,-198.491557,1
2026-09-21,authorized/2026-09-21/20260921_172757_barath,barath,cnn_bilstm,150,-198.491557,1
2026-09-21,authorized/2026-09-21/20260921_172757_barath,barath,cnn_attention,150,-198.491557,1
2026-09-21,authorized/2026-09-21/20260921_172757_barath,barath,ensemble,150,-198.491557,1
2026-09-21,authorized/2026-09-21/20260921_172757_barath,barath,svm,200,-187.235204,1
2026-09-21,authorized/2026-09-21/20260921_172757_barath,barath,random_forest,200,-187.235204,1
2026-09-21,authorized/2026-09-21/20260921_172757_barath,barath,hist_gradient_boost,200,-187.235204,1
2026-09-21,authorized/2026-09-21/20260921_172757_barath,barath,cnn_bilstm,200,-187.235204,1
2026-09-21,authorized/2026-09-21/20260921_172757_barath,barath,cnn_attention,200,-187.235204,1
2026-09-21,authorized/2026-09-21/20260921_172757_barath,barath,ensemble,200,-187.235204,1
2026-09-21,authorized/2026-09-21/20260921_172757_barath,barath,svm,300,-167.353375,1
2026-09-21,authorized/2026-09-21/20260921_172757_barath,barath,random_forest,300,-167.353375,1
2026-09-21,authorized/2026-09-21/20260921_172757_barath,barath,hist_gradient_boost,300,-167.353375,1
2026-09-21,authorized/2026-09-21/20260921_172757_barath,barath,cnn_bilstm,300,-167.353375,1
2026-09-21,authorized/2026-09-21/20260921_172757_barath,barath,cnn_attention,300,-167.353375,1
2026-09-21,authorized/2026-09-21/20260921_172757_barath,barath,ensemble,300,-167.353375,1
2026-09-21,authorized/2026-09-21/20260921_173647_barath,barath,svm,10,2.074281,1
2026-09-21,authorized/2026-09-21/20260921_173647_barath,barath,random_forest,10,2.074281,1
2026-09-21,authorized/2026-09-21/20260921_173647_barath,barath,hist_gradient_boost,10,2.074281,1
2026-09-21,authorized/2026-09-21/20260921_173647_barath,barath,cnn_bilstm,10,2.074281,1
2026-09-21,authorized/2026-09-21/20260921_173647_barath,barath,cnn_attention,10,2.074281,1
2026-09-21,authorized/2026-09-21/20260921_173647_barath,barath,ensemble,10,2.074281,1
2026-09-21,authorized/2026-09-21/20260921_173647_barath,barath,svm,30,5.794142,1
2026-09-21,authorized/2026-09-21/20260921_173647_barath,barath,random_forest,30,5.794142,1
2026-09-21,authorized/2026-09-21/20260921_173647_barath,barath,hist_gradient_boost,30,5.794142,1
2026-09-21,authorized/2026-09-21/20260921_173647_barath,barath,cnn_bilstm,30,5.794142,1
2026-09-21,authorized/2026-09-21/20260921_173647_barath,barath,cnn_attention,30,5.794142,1
2026-09-21,authorized/2026-09-21/20260921_173647_barath,barath,ensemble,30,5.794142,1
2026-09-21,authorized/2026-09-21/20260921_173647_barath,barath,svm,45,8.882406,1
2026-09-21,authorized/2026-09-21/20260921_173647_barath,barath,random_forest,45,8.882406,1
2026-09-21,authorized/2026-09-21/20260921_173647_barath,barath,hist_gradient_boost,45,8.882406,1
2026-09-21,authorized/2026-09-21/20260921_173647_barath,barath,cnn_bilstm,45,8.882406,1
2026-09-21,authorized/2026-09-21/20260921_173647_barath,barath,cnn_attention,45,8.882406,1
2026-09-21,authorized/2026-09-21/20260921_173647_barath,barath,ensemble,45,8.882406,1
2026-09-21,authorized/2026-09-21/20260921_173647_barath,barath,svm,60,11.509359,1
2026-09-21,authorized/2026-09-21/20260921_173647_barath,barath,random_forest,60,11.509359,1
2026-09-21,authorized/2026-09-21/20260921_173647_barath,barath,hist_gradient_boost,60,11.509359,1
2026-09-21,authorized/2026-09-21/20260921_173647_barath,barath,cnn_bilstm,60,11.509359,1
2026-09-21,authorized/2026-09-21/20260921_173647_barath,barath,cnn_attention,60,11.509359,1
2026-09-21,authorized/2026-09-21/20260921_173647_barath,barath,ensemble,60,11.509359,1
2026-09-21,authorized/2026-09-21/20260921_173647_barath,barath,svm,90,17.507774,1
2026-09-21,authorized/2026-09-21/20260921_173647_barath,barath,random_forest,90,17.507774,1
2026-09-21,authorized/2026-09-21/20260921_173647_barath,barath,hist_gradient_boost,90,17.507774,1
2026-09-21,authorized/2026-09-21/20260921_173647_barath,barath,cnn_bilstm,90,17.507774,1
2026-09-21,authorized/2026-09-21/20260921_173647_barath,barath,cnn_attention,90,17.507774,1
2026-09-21,authorized/2026-09-21/20260921_173647_barath,barath,ensemble,90,17.507774,1
2026-09-21,authorized/2026-09-21/20260921_173647_barath,barath,svm,120,23.357167,1
2026-09-21,authorized/2026-09-21/20260921_173647_barath,barath,random_forest,120,23.357167,1
2026-09-21,authorized/2026-09-21/20260921_173647_barath,barath,hist_gradient_boost,120,23.357167,1
2026-09-21,authorized/2026-09-21/20260921_173647_barath,barath,cnn_bilstm,120,23.357167,1
2026-09-21,authorized/2026-09-21/20260921_173647_barath,barath,cnn_attention,120,23.357167,1
2026-09-21,authorized/2026-09-21/20260921_173647_barath,barath,ensemble,120,23.357167,1
2026-09-21,authorized/2026-09-21/20260921_173647_barath,barath,svm,150,28.993185,1
2026-09-21,authorized/2026-09-21/20260921_173647_barath,barath,random_forest,150,28.993185,1
2026-09-21,authorized/2026-09-21/20260921_173647_barath,barath,hist_gradient_boost,150,28.993185,1
2026-09-21,authorized/2026-09-21/20260921_173647_barath,barath,cnn_bilstm,150,28.993185,1
2026-09-21,authorized/2026-09-21/20260921_173647_barath,barath,cnn_attention,150,28.993185,1
2026-09-21,authorized/2026-09-21/20260921_173647_barath,barath,ensemble,150,28.993185,1
2026-09-21,authorized/2026-09-21/20260921_173647_barath,barath,svm,200,38.694265,1
2026-09-21,authorized/2026-09-21/20260921_173647_barath,barath,random_forest,200,38.694265,1
2026-09-21,authorized/2026-09-21/20260921_173647_barath,barath,hist_gradient_boost,200,38.694265,1
2026-09-21,authorized/2026-09-21/20260921_173647_barath,barath,cnn_bilstm,200,38.694265,1
2026-09-21,authorized/2026-09-21/20260921_173647_barath,barath,cnn_attention,200,38.694265,1
2026-09-21,authorized/2026-09-21/20260921_173647_barath,barath,ensemble,200,38.694265,1
2026-09-21,authorized/2026-09-21/20260921_173647_barath,barath,svm,300,56.663809,1
2026-09-21,authorized/2026-09-21/20260921_173647_barath,barath,random_forest,300,56.663809,1
2026-09-21,authorized/2026-09-21/20260921_173647_barath,barath,hist_gradient_boost,300,56.663809,1
2026-09-21,authorized/2026-09-21/20260921_173647_barath,barath,cnn_bilstm,300,56.663809,1
2026-09-21,authorized/2026-09-21/20260921_173647_barath,barath,cnn_attention,300,56.663809,1
2026-09-21,authorized/2026-09-21/20260921_173647_barath,barath,ensemble,300,56.663809,1
2026-09-21,authorized/2026-09-21/20260921_174349_anjali,anjali,svm,10,3.152231,0
2026-09-21,authorized/2026-09-21/20260921_174349_anjali,anjali,random_forest,10,3.152231,0
2026-09-21,authorized/2026-09-21/20260921_174349_anjali,anjali,hist_gradient_boost,10,3.152231,0
2026-09-21,authorized/2026-09-21/20260921_174349_anjali,anjali,cnn_bilstm,10,3.152231,1
2026-09-21,authorized/2026-09-21/20260921_174349_anjali,anjali,cnn_attention,10,3.152231,0
2026-09-21,authorized/2026-09-21/20260921_174349_anjali,anjali,ensemble,10,3.152231,0
2026-09-21,authorized/2026-09-21/20260921_174349_anjali,anjali,svm,30,7.066442,1
2026-09-21,authorized/2026-09-21/20260921_174349_anjali,anjali,random_forest,30,7.066442,1
2026-09-21,authorized/2026-09-21/20260921_174349_anjali,anjali,hist_gradient_boost,30,7.066442,1
2026-09-21,authorized/2026-09-21/20260921_174349_anjali,anjali,cnn_bilstm,30,7.066442,0
2026-09-21,authorized/2026-09-21/20260921_174349_anjali,anjali,cnn_attention,30,7.066442,0
2026-09-21,authorized/2026-09-21/20260921_174349_anjali,anjali,ensemble,30,7.066442,0
2026-09-21,authorized/2026-09-21/20260921_174349_anjali,anjali,svm,45,10.027896,1
2026-09-21,authorized/2026-09-21/20260921_174349_anjali,anjali,random_forest,45,10.027896,1
2026-09-21,authorized/2026-09-21/20260921_174349_anjali,anjali,hist_gradient_boost,45,10.027896,1
2026-09-21,authorized/2026-09-21/20260921_174349_anjali,anjali,cnn_bilstm,45,10.027896,0
2026-09-21,authorized/2026-09-21/20260921_174349_anjali,anjali,cnn_attention,45,10.027896,0
2026-09-21,authorized/2026-09-21/20260921_174349_anjali,anjali,ensemble,45,10.027896,0
2026-09-21,authorized/2026-09-21/20260921_174349_anjali,anjali,svm,60,13.080603,1
2026-09-21,authorized/2026-09-21/20260921_174349_anjali,anjali,random_forest,60,13.080603,1
2026-09-21,authorized/2026-09-21/20260921_174349_anjali,anjali,hist_gradient_boost,60,13.080603,1
2026-09-21,authorized/2026-09-21/20260921_174349_anjali,anjali,cnn_bilstm,60,13.080603,0
2026-09-21,authorized/2026-09-21/20260921_174349_anjali,anjali,cnn_attention,60,13.080603,0
2026-09-21,authorized/2026-09-21/20260921_174349_anjali,anjali,ensemble,60,13.080603,0
2026-09-21,authorized/2026-09-21/20260921_174349_anjali,anjali,svm,90,19.287693,1
2026-09-21,authorized/2026-09-21/20260921_174349_anjali,anjali,random_forest,90,19.287693,1
2026-09-21,authorized/2026-09-21/20260921_174349_anjali,anjali,hist_gradient_boost,90,19.287693,1
2026-09-21,authorized/2026-09-21/20260921_174349_anjali,anjali,cnn_bilstm,90,19.287693,1
2026-09-21,authorized/2026-09-21/20260921_174349_anjali,anjali,cnn_attention,90,19.287693,0
2026-09-21,authorized/2026-09-21/20260921_174349_anjali,anjali,ensemble,90,19.287693,1
2026-09-21,authorized/2026-09-21/20260921_174349_anjali,anjali,svm,120,25.363526,1
2026-09-21,authorized/2026-09-21/20260921_174349_anjali,anjali,random_forest,120,25.363526,1
2026-09-21,authorized/2026-09-21/20260921_174349_anjali,anjali,hist_gradient_boost,120,25.363526,1
2026-09-21,authorized/2026-09-21/20260921_174349_anjali,anjali,cnn_bilstm,120,25.363526,1
2026-09-21,authorized/2026-09-21/20260921_174349_anjali,anjali,cnn_attention,120,25.363526,0
2026-09-21,authorized/2026-09-21/20260921_174349_anjali,anjali,ensemble,120,25.363526,1
2026-09-21,authorized/2026-09-21/20260921_174349_anjali,anjali,svm,150,-482.510025,1
2026-09-21,authorized/2026-09-21/20260921_174349_anjali,anjali,random_forest,150,-482.510025,1
2026-09-21,authorized/2026-09-21/20260921_174349_anjali,anjali,hist_gradient_boost,150,-482.510025,1
2026-09-21,authorized/2026-09-21/20260921_174349_anjali,anjali,cnn_bilstm,150,-482.510025,1
2026-09-21,authorized/2026-09-21/20260921_174349_anjali,anjali,cnn_attention,150,-482.510025,0
2026-09-21,authorized/2026-09-21/20260921_174349_anjali,anjali,ensemble,150,-482.510025,1
2026-09-21,authorized/2026-09-21/20260921_174349_anjali,anjali,svm,200,-472.467231,1
2026-09-21,authorized/2026-09-21/20260921_174349_anjali,anjali,random_forest,200,-472.467231,1
2026-09-21,authorized/2026-09-21/20260921_174349_anjali,anjali,hist_gradient_boost,200,-472.467231,1
2026-09-21,authorized/2026-09-21/20260921_174349_anjali,anjali,cnn_bilstm,200,-472.467231,1
2026-09-21,authorized/2026-09-21/20260921_174349_anjali,anjali,cnn_attention,200,-472.467231,0
2026-09-21,authorized/2026-09-21/20260921_174349_anjali,anjali,ensemble,200,-472.467231,1
2026-09-21,authorized/2026-09-21/20260921_174349_anjali,anjali,svm,300,-450.11139,1
2026-09-21,authorized/2026-09-21/20260921_174349_anjali,anjali,random_forest,300,-450.11139,1
2026-09-21,authorized/2026-09-21/20260921_174349_anjali,anjali,hist_gradient_boost,300,-450.11139,1
2026-09-21,authorized/2026-09-21/20260921_174349_anjali,anjali,cnn_bilstm,300,-450.11139,1
2026-09-21,authorized/2026-09-21/20260921_174349_anjali,anjali,cnn_attention,300,-450.11139,0
2026-09-21,authorized/2026-09-21/20260921_174349_anjali,anjali,ensemble,300,-450.11139,1
2026-09-22,authorized/2026-09-22/20260922_130435_anjali,anjali,svm,10,-459.21538,1
2026-09-22,authorized/2026-09-22/20260922_130435_anjali,anjali,random_forest,10,-459.21538,1
2026-09-22,authorized/2026-09-22/20260922_130435_anjali,anjali,hist_gradient_boost,10,-459.21538,1
2026-09-22,authorized/2026-09-22/20260922_130435_anjali,anjali,cnn_bilstm,10,-459.21538,1
2026-09-22,authorized/2026-09-22/20260922_130435_anjali,anjali,cnn_attention,10,-459.21538,1
2026-09-22,authorized/2026-09-22/20260922_130435_anjali,anjali,ensemble,10,-459.21538,1
2026-09-22,authorized/2026-09-22/20260922_130435_anjali,anjali,svm,30,-455.923207,1
2026-09-22,authorized/2026-09-22/20260922_130435_anjali,anjali,random_forest,30,-455.923207,1
2026-09-22,authorized/2026-09-22/20260922_130435_anjali,anjali,hist_gradient_boost,30,-455.923207,1
2026-09-22,authorized/2026-09-22/20260922_130435_anjali,anjali,cnn_bilstm,30,-455.923207,1
2026-09-22,authorized/2026-09-22/20260922_130435_anjali,anjali,cnn_attention,30,-455.923207,1
2026-09-22,authorized/2026-09-22/20260922_130435_anjali,anjali,ensemble,30,-455.923207,1
2026-09-22,authorized/2026-09-22/20260922_130435_anjali,anjali,svm,45,-450.531052,1
2026-09-22,authorized/2026-09-22/20260922_130435_anjali,anjali,random_forest,45,-450.531052,1
2026-09-22,authorized/2026-09-22/20260922_130435_anjali,anjali,hist_gradient_boost,45,-450.531052,1
2026-09-22,authorized/2026-09-22/20260922_130435_anjali,anjali,cnn_bilstm,45,-450.531052,1
2026-09-22,authorized/2026-09-22/20260922_130435_anjali,anjali,cnn_attention,45,-450.531052,1
2026-09-22,authorized/2026-09-22/20260922_130435_anjali,anjali,ensemble,45,-450.531052,1
2026-09-22,authorized/2026-09-22/20260922_130435_anjali,anjali,svm,60,-448.253605,1
2026-09-22,authorized/2026-09-22/20260922_130435_anjali,anjali,random_forest,60,-448.253605,1
2026-09-22,authorized/2026-09-22/20260922_130435_anjali,anjali,hist_gradient_boost,60,-448.253605,1
2026-09-22,authorized/2026-09-22/20260922_130435_anjali,anjali,cnn_bilstm,60,-448.253605,1
2026-09-22,authorized/2026-09-22/20260922_130435_anjali,anjali,cnn_attention,60,-448.253605,1
2026-09-22,authorized/2026-09-22/20260922_130435_anjali,anjali,ensemble,60,-448.253605,1
2026-09-22,authorized/2026-09-22/20260922_130435_anjali,anjali,svm,90,-443.623506,1
2026-09-22,authorized/2026-09-22/20260922_130435_anjali,anjali,random_forest,90,-443.623506,1
2026-09-22,authorized/2026-09-22/20260922_130435_anjali,anjali,hist_gradient_boost,90,-443.623506,1
2026-09-22,authorized/2026-09-22/20260922_130435_anjali,anjali,cnn_bilstm,90,-443.623506,1
2026-09-22,authorized/2026-09-22/20260922_130435_anjali,anjali,cnn_attention,90,-443.623506,1
2026-09-22,authorized/2026-09-22/20260922_130435_anjali,anjali,ensemble,90,-443.623506,1
2026-09-22,authorized/2026-09-22/20260922_130435_anjali,anjali,svm,120,-435.939468,1
2026-09-22,authorized/2026-09-22/20260922_130435_anjali,anjali,random_forest,120,-435.939468,1
2026-09-22,authorized/2026-09-22/20260922_130435_anjali,anjali,hist_gradient_boost,120,-435.939468,1
2026-09-22,authorized/2026-09-22/20260922_130435_anjali,anjali,cnn_bilstm,120,-435.939468,1
2026-09-22,authorized/2026-09-22/20260922_130435_anjali,anjali,cnn_attention,120,-435.939468,1
2026-09-22,authorized/2026-09-22/20260922_130435_anjali,anjali,ensemble,120,-435.939468,1
2026-09-22,authorized/2026-09-22/20260922_130435_anjali,anjali,svm,150,-430.728516,1
2026-09-22,authorized/2026-09-22/20260922_130435_anjali,anjali,random_forest,150,-430.728516,1
2026-09-22,authorized/2026-09-22/20260922_130435_anjali,anjali,hist_gradient_boost,150,-430.728516,1
2026-09-22,authorized/2026-09-22/20260922_130435_anjali,anjali,cnn_bilstm,150,-430.728516,1
2026-09-22,authorized/2026-09-22/20260922_130435_anjali,anjali,cnn_attention,150,-430.728516,1
2026-09-22,authorized/2026-09-22/20260922_130435_anjali,anjali,ensemble,150,-430.728516,1
2026-09-22,authorized/2026-09-22/20260922_130435_anjali,anjali,svm,200,-420.503969,1
2026-09-22,authorized/2026-09-22/20260922_130435_anjali,anjali,random_forest,200,-420.503969,1
2026-09-22,authorized/2026-09-22/20260922_130435_anjali,anjali,hist_gradient_boost,200,-420.503969,1
2026-09-22,authorized/2026-09-22/20260922_130435_anjali,anjali,cnn_bilstm,200,-420.503969,1
2026-09-22,authorized/2026-09-22/20260922_130435_anjali,anjali,cnn_attention,200,-420.503969,1
2026-09-22,authorized/2026-09-22/20260922_130435_anjali,anjali,ensemble,200,-420.503969,1
2026-09-22,authorized/2026-09-22/20260922_130435_anjali,anjali,svm,300,-398.189371,1
2026-09-22,authorized/2026-09-22/20260922_130435_anjali,anjali,random_forest,300,-398.189371,1
2026-09-22,authorized/2026-09-22/20260922_130435_anjali,anjali,hist_gradient_boost,300,-398.189371,1
2026-09-22,authorized/2026-09-22/20260922_130435_anjali,anjali,cnn_bilstm,300,-398.189371,1
2026-09-22,authorized/2026-09-22/20260922_130435_anjali,anjali,cnn_attention,300,-398.189371,1
2026-09-22,authorized/2026-09-22/20260922_130435_anjali,anjali,ensemble,300,-398.189371,1
2026-09-22,authorized/2026-09-22/20260922_130957_barath,barath,svm,10,2.006296,0
2026-09-22,authorized/2026-09-22/20260922_130957_barath,barath,random_forest,10,2.006296,1
2026-09-22,authorized/2026-09-22/20260922_130957_barath,barath,hist_gradient_boost,10,2.006296,1
2026-09-22,authorized/2026-09-22/20260922_130957_barath,barath,cnn_bilstm,10,2.006296,0
2026-09-22,authorized/2026-09-22/20260922_130957_barath,barath,cnn_attention,10,2.006296,0
2026-09-22,authorized/2026-09-22/20260922_130957_barath,barath,ensemble,10,2.006296,0
2026-09-22,authorized/2026-09-22/20260922_130957_barath,barath,svm,30,5.480187,1
2026-09-22,authorized/2026-09-22/20260922_130957_barath,barath,random_forest,30,5.480187,1
2026-09-22,authorized/2026-09-22/20260922_130957_barath,barath,hist_gradient_boost,30,5.480187,1
2026-09-22,authorized/2026-09-22/20260922_130957_barath,barath,cnn_bilstm,30,5.480187,0
2026-09-22,authorized/2026-09-22/20260922_130957_barath,barath,cnn_attention,30,5.480187,1
2026-09-22,authorized/2026-09-22/20260922_130957_barath,barath,ensemble,30,5.480187,1
2026-09-22,authorized/2026-09-22/20260922_130957_barath,barath,svm,45,8.286715,1
2026-09-22,authorized/2026-09-22/20260922_130957_barath,barath,random_forest,45,8.286715,1
2026-09-22,authorized/2026-09-22/20260922_130957_barath,barath,hist_gradient_boost,45,8.286715,1
2026-09-22,authorized/2026-09-22/20260922_130957_barath,barath,cnn_bilstm,45,8.286715,0
2026-09-22,authorized/2026-09-22/20260922_130957_barath,barath,cnn_attention,45,8.286715,1
2026-09-22,authorized/2026-09-22/20260922_130957_barath,barath,ensemble,45,8.286715,1
2026-09-22,authorized/2026-09-22/20260922_130957_barath,barath,svm,60,13.224644,1
2026-09-22,authorized/2026-09-22/20260922_130957_barath,barath,random_forest,60,13.224644,1
2026-09-22,authorized/2026-09-22/20260922_130957_barath,barath,hist_gradient_boost,60,13.224644,1
2026-09-22,authorized/2026-09-22/20260922_130957_barath,barath,cnn_bilstm,60,13.224644,0
2026-09-22,authorized/2026-09-22/20260922_130957_barath,barath,cnn_attention,60,13.224644,1
2026-09-22,authorized/2026-09-22/20260922_130957_barath,barath,ensemble,60,13.224644,1
2026-09-22,authorized/2026-09-22/20260922_130957_barath,barath,svm,90,18.527856,1
2026-09-22,authorized/2026-09-22/20260922_130957_barath,barath,random_forest,90,18.527856,1
2026-09-22,authorized/2026-09-22/20260922_130957_barath,barath,hist_gradient_boost,90,18.527856,1
2026-09-22,authorized/2026-09-22/20260922_130957_barath,barath,cnn_bilstm,90,18.527856,0
2026-09-22,authorized/2026-09-22/20260922_130957_barath,barath,cnn_attention,90,18.527856,1
2026-09-22,authorized/2026-09-22/20260922_130957_barath,barath,ensemble,90,18.527856,1
2026-09-22,authorized/2026-09-22/20260922_130957_barath,barath,svm,120,23.648892,1
2026-09-22,authorized/2026-09-22/20260922_130957_barath,barath,random_forest,120,23.648892,1
2026-09-22,authorized/2026-09-22/20260922_130957_barath,barath,hist_gradient_boost,120,23.648892,1
2026-09-22,authorized/2026-09-22/20260922_130957_barath,barath,cnn_bilstm,120,23.648892,0
2026-09-22,authorized/2026-09-22/20260922_130957_barath,barath,cnn_attention,120,23.648892,1
2026-09-22,authorized/2026-09-22/20260922_130957_barath,barath,ensemble,120,23.648892,1
2026-09-22,authorized/2026-09-22/20260922_130957_barath,barath,svm,150,31.616617,1
2026-09-22,authorized/2026-09-22/20260922_130957_barath,barath,random_forest,150,31.616617,1
2026-09-22,authorized/2026-09-22/20260922_130957_barath,barath,hist_gradient_boost,150,31.616617,1
2026-09-22,authorized/2026-09-22/20260922_130957_barath,barath,cnn_bilstm,150,31.616617,1
2026-09-22,authorized/2026-09-22/20260922_130957_barath,barath,cnn_attention,150,31.616617,1
2026-09-22,authorized/2026-09-22/20260922_130957_barath,barath,ensemble,150,31.616617,1
2026-09-22,authorized/2026-09-22/20260922_130957_barath,barath,svm,200,41.54085,1
2026-09-22,authorized/2026-09-22/20260922_130957_barath,barath,random_forest,200,41.54085,1
2026-09-22,authorized/2026-09-22/20260922_130957_barath,barath,hist_gradient_boost,200,41.54085,1
2026-09-22,authorized/2026-09-22/20260922_130957_barath,barath,cnn_bilstm,200,41.54085,1
2026-09-22,authorized/2026-09-22/20260922_130957_barath,barath,cnn_attention,200,41.54085,1
2026-09-22,authorized/2026-09-22/20260922_130957_barath,barath,ensemble,200,41.54085,1
2026-09-22,authorized/2026-09-22/20260922_130957_barath,barath,svm,300,61.371051,1
2026-09-22,authorized/2026-09-22/20260922_130957_barath,barath,random_forest,300,61.371051,1
2026-09-22,authorized/2026-09-22/20260922_130957_barath,barath,hist_gradient_boost,300,61.371051,1
2026-09-22,authorized/2026-09-22/20260922_130957_barath,barath,cnn_bilstm,300,61.371051,1
2026-09-22,authorized/2026-09-22/20260922_130957_barath,barath,cnn_attention,300,61.371051,1
2026-09-22,authorized/2026-09-22/20260922_130957_barath,barath,ensemble,300,61.371051,1
2026-09-22,authorized/2026-09-22/20260922_140359_anjali,anjali,svm,10,1.736422,1
2026-09-22,authorized/2026-09-22/20260922_140359_anjali,anjali,random_forest,10,1.736422,1
2026-09-22,authorized/2026-09-22/20260922_140359_anjali,anjali,hist_gradient_boost,10,1.736422,1
2026-09-22,authorized/2026-09-22/20260922_140359_anjali,anjali,cnn_bilstm,10,1.736422,1
2026-09-22,authorized/2026-09-22/20260922_140359_anjali,anjali,cnn_attention,10,1.736422,1
2026-09-22,authorized/2026-09-22/20260922_140359_anjali,anjali,ensemble,10,1.736422,1
2026-09-22,authorized/2026-09-22/20260922_140359_anjali,anjali,svm,30,5.031817,1
2026-09-22,authorized/2026-09-22/20260922_140359_anjali,anjali,random_forest,30,5.031817,1
2026-09-22,authorized/2026-09-22/20260922_140359_anjali,anjali,hist_gradient_boost,30,5.031817,1
2026-09-22,authorized/2026-09-22/20260922_140359_anjali,anjali,cnn_bilstm,30,5.031817,1
2026-09-22,authorized/2026-09-22/20260922_140359_anjali,anjali,cnn_attention,30,5.031817,1
2026-09-22,authorized/2026-09-22/20260922_140359_anjali,anjali,ensemble,30,5.031817,1
2026-09-22,authorized/2026-09-22/20260922_140359_anjali,anjali,svm,45,7.643783,1
2026-09-22,authorized/2026-09-22/20260922_140359_anjali,anjali,random_forest,45,7.643783,1
2026-09-22,authorized/2026-09-22/20260922_140359_anjali,anjali,hist_gradient_boost,45,7.643783,1
2026-09-22,authorized/2026-09-22/20260922_140359_anjali,anjali,cnn_bilstm,45,7.643783,1
2026-09-22,authorized/2026-09-22/20260922_140359_anjali,anjali,cnn_attention,45,7.643783,1
2026-09-22,authorized/2026-09-22/20260922_140359_anjali,anjali,ensemble,45,7.643783,1
2026-09-22,authorized/2026-09-22/20260922_140359_anjali,anjali,svm,60,11.728208,1
2026-09-22,authorized/2026-09-22/20260922_140359_anjali,anjali,random_forest,60,11.728208,1
2026-09-22,authorized/2026-09-22/20260922_140359_anjali,anjali,hist_gradient_boost,60,11.728208,1
2026-09-22,authorized/2026-09-22/20260922_140359_anjali,anjali,cnn_bilstm,60,11.728208,1
2026-09-22,authorized/2026-09-22/20260922_140359_anjali,anjali,cnn_attention,60,11.728208,1
2026-09-22,authorized/2026-09-22/20260922_140359_anjali,anjali,ensemble,60,11.728208,1
2026-09-22,authorized/2026-09-22/20260922_140359_anjali,anjali,svm,90,16.421799,1
2026-09-22,authorized/2026-09-22/20260922_140359_anjali,anjali,random_forest,90,16.421799,1
2026-09-22,authorized/2026-09-22/20260922_140359_anjali,anjali,hist_gradient_boost,90,16.421799,1
2026-09-22,authorized/2026-09-22/20260922_140359_anjali,anjali,cnn_bilstm,90,16.421799,1
2026-09-22,authorized/2026-09-22/20260922_140359_anjali,anjali,cnn_attention,90,16.421799,1
2026-09-22,authorized/2026-09-22/20260922_140359_anjali,anjali,ensemble,90,16.421799,1
2026-09-22,authorized/2026-09-22/20260922_140359_anjali,anjali,svm,120,21.09504,1
2026-09-22,authorized/2026-09-22/20260922_140359_anjali,anjali,random_forest,120,21.09504,1
2026-09-22,authorized/2026-09-22/20260922_140359_anjali,anjali,hist_gradient_boost,120,21.09504,1
2026-09-22,authorized/2026-09-22/20260922_140359_anjali,anjali,cnn_bilstm,120,21.09504,1
2026-09-22,authorized/2026-09-22/20260922_140359_anjali,anjali,cnn_attention,120,21.09504,1
2026-09-22,authorized/2026-09-22/20260922_140359_anjali,anjali,ensemble,120,21.09504,1
2026-09-22,authorized/2026-09-22/20260922_140359_anjali,anjali,svm,150,27.524958,1
2026-09-22,authorized/2026-09-22/20260922_140359_anjali,anjali,random_forest,150,27.524958,1
2026-09-22,authorized/2026-09-22/20260922_140359_anjali,anjali,hist_gradient_boost,150,27.524958,1
2026-09-22,authorized/2026-09-22/20260922_140359_anjali,anjali,cnn_bilstm,150,27.524958,1
2026-09-22,authorized/2026-09-22/20260922_140359_anjali,anjali,cnn_attention,150,27.524958,1
2026-09-22,authorized/2026-09-22/20260922_140359_anjali,anjali,ensemble,150,27.524958,1
2026-09-22,authorized/2026-09-22/20260922_140359_anjali,anjali,svm,200,35.445226,1
2026-09-22,authorized/2026-09-22/20260922_140359_anjali,anjali,random_forest,200,35.445226,1
2026-09-22,authorized/2026-09-22/20260922_140359_anjali,anjali,hist_gradient_boost,200,35.445226,1
2026-09-22,authorized/2026-09-22/20260922_140359_anjali,anjali,cnn_bilstm,200,35.445226,1
2026-09-22,authorized/2026-09-22/20260922_140359_anjali,anjali,cnn_attention,200,35.445226,1
2026-09-22,authorized/2026-09-22/20260922_140359_anjali,anjali,ensemble,200,35.445226,1
2026-09-22,authorized/2026-09-22/20260922_140359_anjali,anjali,svm,300,56.612624,1
2026-09-22,authorized/2026-09-22/20260922_140359_anjali,anjali,random_forest,300,56.612624,1
2026-09-22,authorized/2026-09-22/20260922_140359_anjali,anjali,hist_gradient_boost,300,56.612624,1
2026-09-22,authorized/2026-09-22/20260922_140359_anjali,anjali,cnn_bilstm,300,56.612624,1
2026-09-22,authorized/2026-09-22/20260922_140359_anjali,anjali,cnn_attention,300,56.612624,1
2026-09-22,authorized/2026-09-22/20260922_140359_anjali,anjali,ensemble,300,56.612624,1
2026-09-22,authorized/2026-09-22/20260922_140742_barath,barath,svm,10,2.08897,0
2026-09-22,authorized/2026-09-22/20260922_140742_barath,barath,random_forest,10,2.08897,0
2026-09-22,authorized/2026-09-22/20260922_140742_barath,barath,hist_gradient_boost,10,2.08897,1
2026-09-22,authorized/2026-09-22/20260922_140742_barath,barath,cnn_bilstm,10,2.08897,1
2026-09-22,authorized/2026-09-22/20260922_140742_barath,barath,cnn_attention,10,2.08897,1
2026-09-22,authorized/2026-09-22/20260922_140742_barath,barath,ensemble,10,2.08897,1
2026-09-22,authorized/2026-09-22/20260922_140742_barath,barath,svm,30,7.149393,1
2026-09-22,authorized/2026-09-22/20260922_140742_barath,barath,random_forest,30,7.149393,1
2026-09-22,authorized/2026-09-22/20260922_140742_barath,barath,hist_gradient_boost,30,7.149393,1
2026-09-22,authorized/2026-09-22/20260922_140742_barath,barath,cnn_bilstm,30,7.149393,1
2026-09-22,authorized/2026-09-22/20260922_140742_barath,barath,cnn_attention,30,7.149393,1
2026-09-22,authorized/2026-09-22/20260922_140742_barath,barath,ensemble,30,7.149393,1
2026-09-22,authorized/2026-09-22/20260922_140742_barath,barath,svm,45,9.487187,1
2026-09-22,authorized/2026-09-22/20260922_140742_barath,barath,random_forest,45,9.487187,1
2026-09-22,authorized/2026-09-22/20260922_140742_barath,barath,hist_gradient_boost,45,9.487187,1
2026-09-22,authorized/2026-09-22/20260922_140742_barath,barath,cnn_bilstm,45,9.487187,1
2026-09-22,authorized/2026-09-22/20260922_140742_barath,barath,cnn_attention,45,9.487187,1
2026-09-22,authorized/2026-09-22/20260922_140742_barath,barath,ensemble,45,9.487187,1
2026-09-22,authorized/2026-09-22/20260922_140742_barath,barath,svm,60,11.777984,1
2026-09-22,authorized/2026-09-22/20260922_140742_barath,barath,random_forest,60,11.777984,1
2026-09-22,authorized/2026-09-22/20260922_140742_barath,barath,hist_gradient_boost,60,11.777984,1
2026-09-22,authorized/2026-09-22/20260922_140742_barath,barath,cnn_bilstm,60,11.777984,1
2026-09-22,authorized/2026-09-22/20260922_140742_barath,barath,cnn_attention,60,11.777984,1
2026-09-22,authorized/2026-09-22/20260922_140742_barath,barath,ensemble,60,11.777984,1
2026-09-22,authorized/2026-09-22/20260922_140742_barath,barath,svm,90,20.428313,1
2026-09-22,authorized/2026-09-22/20260922_140742_barath,barath,random_forest,90,20.428313,1
2026-09-22,authorized/2026-09-22/20260922_140742_barath,barath,hist_gradient_boost,90,20.428313,1
2026-09-22,authorized/2026-09-22/20260922_140742_barath,barath,cnn_bilstm,90,20.428313,1
2026-09-22,authorized/2026-09-22/20260922_140742_barath,barath,cnn_attention,90,20.428313,1
2026-09-22,authorized/2026-09-22/20260922_140742_barath,barath,ensemble,90,20.428313,1
2026-09-22,authorized/2026-09-22/20260922_140742_barath,barath,svm,120,25.213078,1
2026-09-22,authorized/2026-09-22/20260922_140742_barath,barath,random_forest,120,25.213078,1
2026-09-22,authorized/2026-09-22/20260922_140742_barath,barath,hist_gradient_boost,120,25.213078,1
2026-09-22,authorized/2026-09-22/20260922_140742_barath,barath,cnn_bilstm,120,25.213078,1
2026-09-22,authorized/2026-09-22/20260922_140742_barath,barath,cnn_attention,120,25.213078,1
2026-09-22,authorized/2026-09-22/20260922_140742_barath,barath,ensemble,120,25.213078,1
2026-09-22,authorized/2026-09-22/20260922_140742_barath,barath,svm,150,32.62896,1
2026-09-22,authorized/2026-09-22/20260922_140742_barath,barath,random_forest,150,32.62896,1
2026-09-22,authorized/2026-09-22/20260922_140742_barath,barath,hist_gradient_boost,150,32.62896,1
2026-09-22,authorized/2026-09-22/20260922_140742_barath,barath,cnn_bilstm,150,32.62896,1
2026-09-22,authorized/2026-09-22/20260922_140742_barath,barath,cnn_attention,150,32.62896,1
2026-09-22,authorized/2026-09-22/20260922_140742_barath,barath,ensemble,150,32.62896,1
2026-09-22,authorized/2026-09-22/20260922_140742_barath,barath,svm,200,42.421743,1
2026-09-22,authorized/2026-09-22/20260922_140742_barath,barath,random_forest,200,42.421743,1
2026-09-22,authorized/2026-09-22/20260922_140742_barath,barath,hist_gradient_boost,200,42.421743,1
2026-09-22,authorized/2026-09-22/20260922_140742_barath,barath,cnn_bilstm,200,42.421743,1
2026-09-22,authorized/2026-09-22/20260922_140742_barath,barath,cnn_attention,200,42.421743,1
2026-09-22,authorized/2026-09-22/20260922_140742_barath,barath,ensemble,200,42.421743,1
2026-09-22,authorized/2026-09-22/20260922_140742_barath,barath,svm,300,64.55993,1
2026-09-22,authorized/2026-09-22/20260922_140742_barath,barath,random_forest,300,64.55993,1
2026-09-22,authorized/2026-09-22/20260922_140742_barath,barath,hist_gradient_boost,300,64.55993,1
2026-09-22,authorized/2026-09-22/20260922_140742_barath,barath,cnn_bilstm,300,64.55993,1
2026-09-22,authorized/2026-09-22/20260922_140742_barath,barath,cnn_attention,300,64.55993,1
2026-09-22,authorized/2026-09-22/20260922_140742_barath,barath,ensemble,300,64.55993,1
2026-09-22,authorized/2026-09-22/20260922_141852_anjali,anjali,svm,10,5.74151,1
2026-09-22,authorized/2026-09-22/20260922_141852_anjali,anjali,random_forest,10,5.74151,1
2026-09-22,authorized/2026-09-22/20260922_141852_anjali,anjali,hist_gradient_boost,10,5.74151,1
2026-09-22,authorized/2026-09-22/20260922_141852_anjali,anjali,cnn_bilstm,10,5.74151,1
2026-09-22,authorized/2026-09-22/20260922_141852_anjali,anjali,cnn_attention,10,5.74151,1
2026-09-22,authorized/2026-09-22/20260922_141852_anjali,anjali,ensemble,10,5.74151,1
2026-09-22,authorized/2026-09-22/20260922_141852_anjali,anjali,svm,30,8.889593,1
2026-09-22,authorized/2026-09-22/20260922_141852_anjali,anjali,random_forest,30,8.889593,1
2026-09-22,authorized/2026-09-22/20260922_141852_anjali,anjali,hist_gradient_boost,30,8.889593,1
2026-09-22,authorized/2026-09-22/20260922_141852_anjali,anjali,cnn_bilstm,30,8.889593,1
2026-09-22,authorized/2026-09-22/20260922_141852_anjali,anjali,cnn_attention,30,8.889593,1
2026-09-22,authorized/2026-09-22/20260922_141852_anjali,anjali,ensemble,30,8.889593,1
2026-09-22,authorized/2026-09-22/20260922_141852_anjali,anjali,svm,45,11.217824,1
2026-09-22,authorized/2026-09-22/20260922_141852_anjali,anjali,random_forest,45,11.217824,1
2026-09-22,authorized/2026-09-22/20260922_141852_anjali,anjali,hist_gradient_boost,45,11.217824,1
2026-09-22,authorized/2026-09-22/20260922_141852_anjali,anjali,cnn_bilstm,45,11.217824,1
2026-09-22,authorized/2026-09-22/20260922_141852_anjali,anjali,cnn_attention,45,11.217824,1
2026-09-22,authorized/2026-09-22/20260922_141852_anjali,anjali,ensemble,45,11.217824,1
2026-09-22,authorized/2026-09-22/20260922_141852_anjali,anjali,svm,60,13.568635,1
2026-09-22,authorized/2026-09-22/20260922_141852_anjali,anjali,random_forest,60,13.568635,1
2026-09-22,authorized/2026-09-22/20260922_141852_anjali,anjali,hist_gradient_boost,60,13.568635,1
2026-09-22,authorized/2026-09-22/20260922_141852_anjali,anjali,cnn_bilstm,60,13.568635,1
2026-09-22,authorized/2026-09-22/20260922_141852_anjali,anjali,cnn_attention,60,13.568635,1
2026-09-22,authorized/2026-09-22/20260922_141852_anjali,anjali,ensemble,60,13.568635,1
2026-09-22,authorized/2026-09-22/20260922_141852_anjali,anjali,svm,90,21.05268,1
2026-09-22,authorized/2026-09-22/20260922_141852_anjali,anjali,random_forest,90,21.05268,1
2026-09-22,authorized/2026-09-22/20260922_141852_anjali,anjali,hist_gradient_boost,90,21.05268,1
2026-09-22,authorized/2026-09-22/20260922_141852_anjali,anjali,cnn_bilstm,90,21.05268,1
2026-09-22,authorized/2026-09-22/20260922_141852_anjali,anjali,cnn_attention,90,21.05268,1
2026-09-22,authorized/2026-09-22/20260922_141852_anjali,anjali,ensemble,90,21.05268,1
2026-09-22,authorized/2026-09-22/20260922_141852_anjali,anjali,svm,120,25.902343,1
2026-09-22,authorized/2026-09-22/20260922_141852_anjali,anjali,random_forest,120,25.902343,1
2026-09-22,authorized/2026-09-22/20260922_141852_anjali,anjali,hist_gradient_boost,120,25.902343,1
2026-09-22,authorized/2026-09-22/20260922_141852_anjali,anjali,cnn_bilstm,120,25.902343,1
2026-09-22,authorized/2026-09-22/20260922_141852_anjali,anjali,cnn_attention,120,25.902343,1
2026-09-22,authorized/2026-09-22/20260922_141852_anjali,anjali,ensemble,120,25.902343,1
2026-09-22,authorized/2026-09-22/20260922_141852_anjali,anjali,svm,150,31.062354,1
2026-09-22,authorized/2026-09-22/20260922_141852_anjali,anjali,random_forest,150,31.062354,1
2026-09-22,authorized/2026-09-22/20260922_141852_anjali,anjali,hist_gradient_boost,150,31.062354,1
2026-09-22,authorized/2026-09-22/20260922_141852_anjali,anjali,cnn_bilstm,150,31.062354,1
2026-09-22,authorized/2026-09-22/20260922_141852_anjali,anjali,cnn_attention,150,31.062354,1
2026-09-22,authorized/2026-09-22/20260922_141852_anjali,anjali,ensemble,150,31.062354,1
2026-09-22,authorized/2026-09-22/20260922_141852_anjali,anjali,svm,200,40.212561,1
2026-09-22,authorized/2026-09-22/20260922_141852_anjali,anjali,random_forest,200,40.212561,1
2026-09-22,authorized/2026-09-22/20260922_141852_anjali,anjali,hist_gradient_boost,200,40.212561,1
2026-09-22,authorized/2026-09-22/20260922_141852_anjali,anjali,cnn_bilstm,200,40.212561,1
2026-09-22,authorized/2026-09-22/20260922_141852_anjali,anjali,cnn_attention,200,40.212561,1
2026-09-22,authorized/2026-09-22/20260922_141852_anjali,anjali,ensemble,200,40.212561,1
2026-09-22,authorized/2026-09-22/20260922_141852_anjali,anjali,svm,300,59.01526,1
2026-09-22,authorized/2026-09-22/20260922_141852_anjali,anjali,random_forest,300,59.01526,1
2026-09-22,authorized/2026-09-22/20260922_141852_anjali,anjali,hist_gradient_boost,300,59.01526,1
2026-09-22,authorized/2026-09-22/20260922_141852_anjali,anjali,cnn_bilstm,300,59.01526,1
2026-09-22,authorized/2026-09-22/20260922_141852_anjali,anjali,cnn_attention,300,59.01526,1
2026-09-22,authorized/2026-09-22/20260922_141852_anjali,anjali,ensemble,300,59.01526,1
2026-09-22,authorized/2026-09-22/20260922_142313_anjali,anjali,svm,10,2.30673,1
2026-09-22,authorized/2026-09-22/20260922_142313_anjali,anjali,random_forest,10,2.30673,1
2026-09-22,authorized/2026-09-22/20260922_142313_anjali,anjali,hist_gradient_boost,10,2.30673,1
2026-09-22,authorized/2026-09-22/20260922_142313_anjali,anjali,cnn_bilstm,10,2.30673,1
2026-09-22,authorized/2026-09-22/20260922_142313_anjali,anjali,cnn_attention,10,2.30673,1
2026-09-22,authorized/2026-09-22/20260922_142313_anjali,anjali,ensemble,10,2.30673,1
2026-09-22,authorized/2026-09-22/20260922_142313_anjali,anjali,svm,30,5.475173,1
2026-09-22,authorized/2026-09-22/20260922_142313_anjali,anjali,random_forest,30,5.475173,1
2026-09-22,authorized/2026-09-22/20260922_142313_anjali,anjali,hist_gradient_boost,30,5.475173,1
2026-09-22,authorized/2026-09-22/20260922_142313_anjali,anjali,cnn_bilstm,30,5.475173,1
2026-09-22,authorized/2026-09-22/20260922_142313_anjali,anjali,cnn_attention,30,5.475173,1
2026-09-22,authorized/2026-09-22/20260922_142313_anjali,anjali,ensemble,30,5.475173,1
2026-09-22,authorized/2026-09-22/20260922_142313_anjali,anjali,svm,45,7.813227,1
2026-09-22,authorized/2026-09-22/20260922_142313_anjali,anjali,random_forest,45,7.813227,1
2026-09-22,authorized/2026-09-22/20260922_142313_anjali,anjali,hist_gradient_boost,45,7.813227,1
2026-09-22,authorized/2026-09-22/20260922_142313_anjali,anjali,cnn_bilstm,45,7.813227,1
2026-09-22,authorized/2026-09-22/20260922_142313_anjali,anjali,cnn_attention,45,7.813227,1
2026-09-22,authorized/2026-09-22/20260922_142313_anjali,anjali,ensemble,45,7.813227,1
2026-09-22,authorized/2026-09-22/20260922_142313_anjali,anjali,svm,60,12.98952,1
2026-09-22,authorized/2026-09-22/20260922_142313_anjali,anjali,random_forest,60,12.98952,1
2026-09-22,authorized/2026-09-22/20260922_142313_anjali,anjali,hist_gradient_boost,60,12.98952,1
2026-09-22,authorized/2026-09-22/20260922_142313_anjali,anjali,cnn_bilstm,60,12.98952,1
2026-09-22,authorized/2026-09-22/20260922_142313_anjali,anjali,cnn_attention,60,12.98952,1
2026-09-22,authorized/2026-09-22/20260922_142313_anjali,anjali,ensemble,60,12.98952,1
2026-09-22,authorized/2026-09-22/20260922_142313_anjali,anjali,svm,90,17.835204,1
2026-09-22,authorized/2026-09-22/20260922_142313_anjali,anjali,random_forest,90,17.835204,1
2026-09-22,authorized/2026-09-22/20260922_142313_anjali,anjali,hist_gradient_boost,90,17.835204,1
2026-09-22,authorized/2026-09-22/20260922_142313_anjali,anjali,cnn_bilstm,90,17.835204,1
2026-09-22,authorized/2026-09-22/20260922_142313_anjali,anjali,cnn_attention,90,17.835204,1
2026-09-22,authorized/2026-09-22/20260922_142313_anjali,anjali,ensemble,90,17.835204,1
2026-09-22,authorized/2026-09-22/20260922_142313_anjali,anjali,svm,120,22.524056,1
2026-09-22,authorized/2026-09-22/20260922_142313_anjali,anjali,random_forest,120,22.524056,1
2026-09-22,authorized/2026-09-22/20260922_142313_anjali,anjali,hist_gradient_boost,120,22.524056,1
2026-09-22,authorized/2026-09-22/20260922_142313_anjali,anjali,cnn_bilstm,120,22.524056,1
2026-09-22,authorized/2026-09-22/20260922_142313_anjali,anjali,cnn_attention,120,22.524056,1
2026-09-22,authorized/2026-09-22/20260922_142313_anjali,anjali,ensemble,120,22.524056,1
2026-09-22,authorized/2026-09-22/20260922_142313_anjali,anjali,svm,150,31.126252,1
2026-09-22,authorized/2026-09-22/20260922_142313_anjali,anjali,random_forest,150,31.126252,1
2026-09-22,authorized/2026-09-22/20260922_142313_anjali,anjali,hist_gradient_boost,150,31.126252,1
2026-09-22,authorized/2026-09-22/20260922_142313_anjali,anjali,cnn_bilstm,150,31.126252,1
2026-09-22,authorized/2026-09-22/20260922_142313_anjali,anjali,cnn_attention,150,31.126252,1
2026-09-22,authorized/2026-09-22/20260922_142313_anjali,anjali,ensemble,150,31.126252,1
2026-09-22,authorized/2026-09-22/20260922_142313_anjali,anjali,svm,200,40.991895,1
2026-09-22,authorized/2026-09-22/20260922_142313_anjali,anjali,random_forest,200,40.991895,1
2026-09-22,authorized/2026-09-22/20260922_142313_anjali,anjali,hist_gradient_boost,200,40.991895,1
2026-09-22,authorized/2026-09-22/20260922_142313_anjali,anjali,cnn_bilstm,200,40.991895,1
2026-09-22,authorized/2026-09-22/20260922_142313_anjali,anjali,cnn_attention,200,40.991895,1
2026-09-22,authorized/2026-09-22/20260922_142313_anjali,anjali,ensemble,200,40.991895,1
2026-09-22,authorized/2026-09-22/20260922_142313_anjali,anjali,svm,300,61.171765,1
2026-09-22,authorized/2026-09-22/20260922_142313_anjali,anjali,random_forest,300,61.171765,1
2026-09-22,authorized/2026-09-22/20260922_142313_anjali,anjali,hist_gradient_boost,300,61.171765,1
2026-09-22,authorized/2026-09-22/20260922_142313_anjali,anjali,cnn_bilstm,300,61.171765,1
2026-09-22,authorized/2026-09-22/20260922_142313_anjali,anjali,cnn_attention,300,61.171765,1
2026-09-22,authorized/2026-09-22/20260922_142313_anjali,anjali,ensemble,300,61.171765,1
2026-09-22,authorized/2026-09-22/20260922_143709_barath,barath,svm,10,3.600888,0
2026-09-22,authorized/2026-09-22/20260922_143709_barath,barath,random_forest,10,3.600888,0
2026-09-22,authorized/2026-09-22/20260922_143709_barath,barath,hist_gradient_boost,10,3.600888,1
2026-09-22,authorized/2026-09-22/20260922_143709_barath,barath,cnn_bilstm,10,3.600888,0
2026-09-22,authorized/2026-09-22/20260922_143709_barath,barath,cnn_attention,10,3.600888,1
2026-09-22,authorized/2026-09-22/20260922_143709_barath,barath,ensemble,10,3.600888,0
2026-09-22,authorized/2026-09-22/20260922_143709_barath,barath,svm,30,7.950671,0
2026-09-22,authorized/2026-09-22/20260922_143709_barath,barath,random_forest,30,7.950671,1
2026-09-22,authorized/2026-09-22/20260922_143709_barath,barath,hist_gradient_boost,30,7.950671,1
2026-09-22,authorized/2026-09-22/20260922_143709_barath,barath,cnn_bilstm,30,7.950671,1
2026-09-22,authorized/2026-09-22/20260922_143709_barath,barath,cnn_attention,30,7.950671,1
2026-09-22,authorized/2026-09-22/20260922_143709_barath,barath,ensemble,30,7.950671,1
2026-09-22,authorized/2026-09-22/20260922_143709_barath,barath,svm,45,10.566599,1
2026-09-22,authorized/2026-09-22/20260922_143709_barath,barath,random_forest,45,10.566599,1
2026-09-22,authorized/2026-09-22/20260922_143709_barath,barath,hist_gradient_boost,45,10.566599,1
2026-09-22,authorized/2026-09-22/20260922_143709_barath,barath,cnn_bilstm,45,10.566599,1
2026-09-22,authorized/2026-09-22/20260922_143709_barath,barath,cnn_attention,45,10.566599,1
2026-09-22,authorized/2026-09-22/20260922_143709_barath,barath,ensemble,45,10.566599,1
2026-09-22,authorized/2026-09-22/20260922_143709_barath,barath,svm,60,14.196487,1
2026-09-22,authorized/2026-09-22/20260922_143709_barath,barath,random_forest,60,14.196487,1
2026-09-22,authorized/2026-09-22/20260922_143709_barath,barath,hist_gradient_boost,60,14.196487,1
2026-09-22,authorized/2026-09-22/20260922_143709_barath,barath,cnn_bilstm,60,14.196487,1
2026-09-22,authorized/2026-09-22/20260922_143709_barath,barath,cnn_attention,60,14.196487,1
2026-09-22,authorized/2026-09-22/20260922_143709_barath,barath,ensemble,60,14.196487,1
2026-09-22,authorized/2026-09-22/20260922_143709_barath,barath,svm,90,20.321649,1
2026-09-22,authorized/2026-09-22/20260922_143709_barath,barath,random_forest,90,20.321649,1
2026-09-22,authorized/2026-09-22/20260922_143709_barath,barath,hist_gradient_boost,90,20.321649,1
2026-09-22,authorized/2026-09-22/20260922_143709_barath,barath,cnn_bilstm,90,20.321649,1
2026-09-22,authorized/2026-09-22/20260922_143709_barath,barath,cnn_attention,90,20.321649,1
2026-09-22,authorized/2026-09-22/20260922_143709_barath,barath,ensemble,90,20.321649,1
2026-09-22,authorized/2026-09-22/20260922_143709_barath,barath,svm,120,25.773347,1
2026-09-22,authorized/2026-09-22/20260922_143709_barath,barath,random_forest,120,25.773347,1
2026-09-22,authorized/2026-09-22/20260922_143709_barath,barath,hist_gradient_boost,120,25.773347,1
2026-09-22,authorized/2026-09-22/20260922_143709_barath,barath,cnn_bilstm,120,25.773347,1
2026-09-22,authorized/2026-09-22/20260922_143709_barath,barath,cnn_attention,120,25.773347,1
2026-09-22,authorized/2026-09-22/20260922_143709_barath,barath,ensemble,120,25.773347,1
2026-09-22,authorized/2026-09-22/20260922_143709_barath,barath,svm,150,32.184379,1
2026-09-22,authorized/2026-09-22/20260922_143709_barath,barath,random_forest,150,32.184379,1
2026-09-22,authorized/2026-09-22/20260922_143709_barath,barath,hist_gradient_boost,150,32.184379,1
2026-09-22,authorized/2026-09-22/20260922_143709_barath,barath,cnn_bilstm,150,32.184379,1
2026-09-22,authorized/2026-09-22/20260922_143709_barath,barath,cnn_attention,150,32.184379,1
2026-09-22,authorized/2026-09-22/20260922_143709_barath,barath,ensemble,150,32.184379,1
2026-09-22,authorized/2026-09-22/20260922_143709_barath,barath,svm,200,40.299789,1
2026-09-22,authorized/2026-09-22/20260922_143709_barath,barath,random_forest,200,40.299789,1
2026-09-22,authorized/2026-09-22/20260922_143709_barath,barath,hist_gradient_boost,200,40.299789,1
2026-09-22,authorized/2026-09-22/20260922_143709_barath,barath,cnn_bilstm,200,40.299789,1
2026-09-22,authorized/2026-09-22/20260922_143709_barath,barath,cnn_attention,200,40.299789,1
2026-09-22,authorized/2026-09-22/20260922_143709_barath,barath,ensemble,200,40.299789,1
2026-09-22,authorized/2026-09-22/20260922_143709_barath,barath,svm,300,60.389258,1
2026-09-22,authorized/2026-09-22/20260922_143709_barath,barath,random_forest,300,60.389258,1
2026-09-22,authorized/2026-09-22/20260922_143709_barath,barath,hist_gradient_boost,300,60.389258,1
2026-09-22,authorized/2026-09-22/20260922_143709_barath,barath,cnn_bilstm,300,60.389258,1
2026-09-22,authorized/2026-09-22/20260922_143709_barath,barath,cnn_attention,300,60.389258,1
2026-09-22,authorized/2026-09-22/20260922_143709_barath,barath,ensemble,300,60.389258,1
2026-09-24,authorized/2026-09-24/20260924_142608_anjali,anjali,svm,10,-6714.520415,0
2026-09-24,authorized/2026-09-24/20260924_142608_anjali,anjali,random_forest,10,-6714.520415,1
2026-09-24,authorized/2026-09-24/20260924_142608_anjali,anjali,hist_gradient_boost,10,-6714.520415,1
2026-09-24,authorized/2026-09-24/20260924_142608_anjali,anjali,cnn_bilstm,10,-6714.520415,1
2026-09-24,authorized/2026-09-24/20260924_142608_anjali,anjali,cnn_attention,10,-6714.520415,1
2026-09-24,authorized/2026-09-24/20260924_142608_anjali,anjali,ensemble,10,-6714.520415,1
2026-09-24,authorized/2026-09-24/20260924_142608_anjali,anjali,svm,30,-6709.380359,1
2026-09-24,authorized/2026-09-24/20260924_142608_anjali,anjali,random_forest,30,-6709.380359,1
2026-09-24,authorized/2026-09-24/20260924_142608_anjali,anjali,hist_gradient_boost,30,-6709.380359,1
2026-09-24,authorized/2026-09-24/20260924_142608_anjali,anjali,cnn_bilstm,30,-6709.380359,1
2026-09-24,authorized/2026-09-24/20260924_142608_anjali,anjali,cnn_attention,30,-6709.380359,1
2026-09-24,authorized/2026-09-24/20260924_142608_anjali,anjali,ensemble,30,-6709.380359,1
2026-09-24,authorized/2026-09-24/20260924_142608_anjali,anjali,svm,45,-6706.536274,1
2026-09-24,authorized/2026-09-24/20260924_142608_anjali,anjali,random_forest,45,-6706.536274,1
2026-09-24,authorized/2026-09-24/20260924_142608_anjali,anjali,hist_gradient_boost,45,-6706.536274,1
2026-09-24,authorized/2026-09-24/20260924_142608_anjali,anjali,cnn_bilstm,45,-6706.536274,1
2026-09-24,authorized/2026-09-24/20260924_142608_anjali,anjali,cnn_attention,45,-6706.536274,1
2026-09-24,authorized/2026-09-24/20260924_142608_anjali,anjali,ensemble,45,-6706.536274,1
2026-09-24,authorized/2026-09-24/20260924_142608_anjali,anjali,svm,60,-6703.699441,1
2026-09-24,authorized/2026-09-24/20260924_142608_anjali,anjali,random_forest,60,-6703.699441,1
2026-09-24,authorized/2026-09-24/20260924_142608_anjali,anjali,hist_gradient_boost,60,-6703.699441,1
2026-09-24,authorized/2026-09-24/20260924_142608_anjali,anjali,cnn_bilstm,60,-6703.699441,1
2026-09-24,authorized/2026-09-24/20260924_142608_anjali,anjali,cnn_attention,60,-6703.699441,1
2026-09-24,authorized/2026-09-24/20260924_142608_anjali,anjali,ensemble,60,-6703.699441,1
2026-09-24,authorized/2026-09-24/20260924_142608_anjali,anjali,svm,90,-6696.413395,1
2026-09-24,authorized/2026-09-24/20260924_142608_anjali,anjali,random_forest,90,-6696.413395,1
2026-09-24,authorized/2026-09-24/20260924_142608_anjali,anjali,hist_gradient_boost,90,-6696.413395,1
2026-09-24,authorized/2026-09-24/20260924_142608_anjali,anjali,cnn_bilstm,90,-6696.413395,1
2026-09-24,authorized/2026-09-24/20260924_142608_anjali,anjali,cnn_attention,90,-6696.413395,1
2026-09-24,authorized/2026-09-24/20260924_142608_anjali,anjali,ensemble,90,-6696.413395,1
2026-09-24,authorized/2026-09-24/20260924_142608_anjali,anjali,svm,120,-6690.996286,1
2026-09-24,authorized/2026-09-24/20260924_142608_anjali,anjali,random_forest,120,-6690.996286,1
2026-09-24,authorized/2026-09-24/20260924_142608_anjali,anjali,hist_gradient_boost,120,-6690.996286,1
2026-09-24,authorized/2026-09-24/20260924_142608_anjali,anjali,cnn_bilstm,120,-6690.996286,1
2026-09-24,authorized/2026-09-24/20260924_142608_anjali,anjali,cnn_attention,120,-6690.996286,1
2026-09-24,authorized/2026-09-24/20260924_142608_anjali,anjali,ensemble,120,-6690.996286,1
2026-09-24,authorized/2026-09-24/20260924_142608_anjali,anjali,svm,150,-6685.17726,1
2026-09-24,authorized/2026-09-24/20260924_142608_anjali,anjali,random_forest,150,-6685.17726,1
2026-09-24,authorized/2026-09-24/20260924_142608_anjali,anjali,hist_gradient_boost,150,-6685.17726,1
2026-09-24,authorized/2026-09-24/20260924_142608_anjali,anjali,cnn_bilstm,150,-6685.17726,1
2026-09-24,authorized/2026-09-24/20260924_142608_anjali,anjali,cnn_attention,150,-6685.17726,1
2026-09-24,authorized/2026-09-24/20260924_142608_anjali,anjali,ensemble,150,-6685.17726,1
2026-09-24,authorized/2026-09-24/20260924_142608_anjali,anjali,svm,200,-6671.210083,1
2026-09-24,authorized/2026-09-24/20260924_142608_anjali,anjali,random_forest,200,-6671.210083,1
2026-09-24,authorized/2026-09-24/20260924_142608_anjali,anjali,hist_gradient_boost,200,-6671.210083,1
2026-09-24,authorized/2026-09-24/20260924_142608_anjali,anjali,cnn_bilstm,200,-6671.210083,1
2026-09-24,authorized/2026-09-24/20260924_142608_anjali,anjali,cnn_attention,200,-6671.210083,1
2026-09-24,authorized/2026-09-24/20260924_142608_anjali,anjali,ensemble,200,-6671.210083,1
2026-09-24,authorized/2026-09-24/20260924_142608_anjali,anjali,svm,300,-6648.768678,1
2026-09-24,authorized/2026-09-24/20260924_142608_anjali,anjali,random_forest,300,-6648.768678,1
2026-09-24,authorized/2026-09-24/20260924_142608_anjali,anjali,hist_gradient_boost,300,-6648.768678,1
2026-09-24,authorized/2026-09-24/20260924_142608_anjali,anjali,cnn_bilstm,300,-6648.768678,1
2026-09-24,authorized/2026-09-24/20260924_142608_anjali,anjali,cnn_attention,300,-6648.768678,1
2026-09-24,authorized/2026-09-24/20260924_142608_anjali,anjali,ensemble,300,-6648.768678,1
2026-09-24,authorized/2026-09-24/20260924_143038_barath,barath,svm,10,2.079343,0
2026-09-24,authorized/2026-09-24/20260924_143038_barath,barath,random_forest,10,2.079343,0
2026-09-24,authorized/2026-09-24/20260924_143038_barath,barath,hist_gradient_boost,10,2.079343,0
2026-09-24,authorized/2026-09-24/20260924_143038_barath,barath,cnn_bilstm,10,2.079343,1
2026-09-24,authorized/2026-09-24/20260924_143038_barath,barath,cnn_attention,10,2.079343,1
2026-09-24,authorized/2026-09-24/20260924_143038_barath,barath,ensemble,10,2.079343,0
2026-09-24,authorized/2026-09-24/20260924_143038_barath,barath,svm,30,6.057329,0
2026-09-24,authorized/2026-09-24/20260924_143038_barath,barath,random_forest,30,6.057329,0
2026-09-24,authorized/2026-09-24/20260924_143038_barath,barath,hist_gradient_boost,30,6.057329,0
2026-09-24,authorized/2026-09-24/20260924_143038_barath,barath,cnn_bilstm,30,6.057329,1
2026-09-24,authorized/2026-09-24/20260924_143038_barath,barath,cnn_attention,30,6.057329,1
2026-09-24,authorized/2026-09-24/20260924_143038_barath,barath,ensemble,30,6.057329,1
2026-09-24,authorized/2026-09-24/20260924_143038_barath,barath,svm,45,9.766714,1
2026-09-24,authorized/2026-09-24/20260924_143038_barath,barath,random_forest,45,9.766714,0
2026-09-24,authorized/2026-09-24/20260924_143038_barath,barath,hist_gradient_boost,45,9.766714,0
2026-09-24,authorized/2026-09-24/20260924_143038_barath,barath,cnn_bilstm,45,9.766714,1
2026-09-24,authorized/2026-09-24/20260924_143038_barath,barath,cnn_attention,45,9.766714,1
2026-09-24,authorized/2026-09-24/20260924_143038_barath,barath,ensemble,45,9.766714,1
2026-09-24,authorized/2026-09-24/20260924_143038_barath,barath,svm,60,13.015517,0
2026-09-24,authorized/2026-09-24/20260924_143038_barath,barath,random_forest,60,13.015517,0
2026-09-24,authorized/2026-09-24/20260924_143038_barath,barath,hist_gradient_boost,60,13.015517,0
2026-09-24,authorized/2026-09-24/20260924_143038_barath,barath,cnn_bilstm,60,13.015517,1
2026-09-24,authorized/2026-09-24/20260924_143038_barath,barath,cnn_attention,60,13.015517,1
2026-09-24,authorized/2026-09-24/20260924_143038_barath,barath,ensemble,60,13.015517,0
2026-09-24,authorized/2026-09-24/20260924_143038_barath,barath,svm,90,22.134272,1
2026-09-24,authorized/2026-09-24/20260924_143038_barath,barath,random_forest,90,22.134272,0
2026-09-24,authorized/2026-09-24/20260924_143038_barath,barath,hist_gradient_boost,90,22.134272,0
2026-09-24,authorized/2026-09-24/20260924_143038_barath,barath,cnn_bilstm,90,22.134272,1
2026-09-24,authorized/2026-09-24/20260924_143038_barath,barath,cnn_attention,90,22.134272,1
2026-09-24,authorized/2026-09-24/20260924_143038_barath,barath,ensemble,90,22.134272,1
2026-09-24,authorized/2026-09-24/20260924_143038_barath,barath,svm,120,27.528995,1
2026-09-24,authorized/2026-09-24/20260924_143038_barath,barath,random_forest,120,27.528995,0
2026-09-24,authorized/2026-09-24/20260924_143038_barath,barath,hist_gradient_boost,120,27.528995,0
2026-09-24,authorized/2026-09-24/20260924_143038_barath,barath,cnn_bilstm,120,27.528995,1
2026-09-24,authorized/2026-09-24/20260924_143038_barath,barath,cnn_attention,120,27.528995,1
2026-09-24,authorized/2026-09-24/20260924_143038_barath,barath,ensemble,120,27.528995,1
2026-09-24,authorized/2026-09-24/20260924_143038_barath,barath,svm,150,35.713041,1
2026-09-24,authorized/2026-09-24/20260924_143038_barath,barath,random_forest,150,35.713041,0
2026-09-24,authorized/2026-09-24/20260924_143038_barath,barath,hist_gradient_boost,150,35.713041,0
2026-09-24,authorized/2026-09-24/20260924_143038_barath,barath,cnn_bilstm,150,35.713041,1
2026-09-24,authorized/2026-09-24/20260924_143038_barath,barath,cnn_attention,150,35.713041,1
2026-09-24,authorized/2026-09-24/20260924_143038_barath,barath,ensemble,150,35.713041,1
2026-09-24,authorized/2026-09-24/20260924_143038_barath,barath,svm,200,46.784034,1
2026-09-24,authorized/2026-09-24/20260924_143038_barath,barath,random_forest,200,46.784034,0
2026-09-24,authorized/2026-09-24/20260924_143038_barath,barath,hist_gradient_boost,200,46.784034,0
2026-09-24,authorized/2026-09-24/20260924_143038_barath,barath,cnn_bilstm,200,46.784034,1
2026-09-24,authorized/2026-09-24/20260924_143038_barath,barath,cnn_attention,200,46.784034,1
2026-09-24,authorized/2026-09-24/20260924_143038_barath,barath,ensemble,200,46.784034,1
2026-09-24,authorized/2026-09-24/20260924_143038_barath,barath,svm,300,68.186377,1
2026-09-24,authorized/2026-09-24/20260924_143038_barath,barath,random_forest,300,68.186377,1
2026-09-24,authorized/2026-09-24/20260924_143038_barath,barath,hist_gradient_boost,300,68.186377,1
2026-09-24,authorized/2026-09-24/20260924_143038_barath,barath,cnn_bilstm,300,68.186377,1
2026-09-24,authorized/2026-09-24/20260924_143038_barath,barath,cnn_attention,300,68.186377,1
2026-09-24,authorized/2026-09-24/20260924_143038_barath,barath,ensemble,300,68.186377,1
2026-09-24,authorized/2026-09-24/20260924_152911_anjali,anjali,svm,10,2.077974,1
2026-09-24,authorized/2026-09-24/20260924_152911_anjali,anjali,random_forest,10,2.077974,1
2026-09-24,authorized/2026-09-24/20260924_152911_anjali,anjali,hist_gradient_boost,10,2.077974,1
2026-09-24,authorized/2026-09-24/20260924_152911_anjali,anjali,cnn_bilstm,10,2.077974,1
2026-09-24,authorized/2026-09-24/20260924_152911_anjali,anjali,cnn_attention,10,2.077974,1
2026-09-24,authorized/2026-09-24/20260924_152911_anjali,anjali,ensemble,10,2.077974,1
2026-09-24,authorized/2026-09-24/20260924_152911_anjali,anjali,svm,30,9.083393,1
2026-09-24,authorized/2026-09-24/20260924_152911_anjali,anjali,random_forest,30,9.083393,1
2026-09-24,authorized/2026-09-24/20260924_152911_anjali,anjali,hist_gradient_boost,30,9.083393,1
2026-09-24,authorized/2026-09-24/20260924_152911_anjali,anjali,cnn_bilstm,30,9.083393,1
2026-09-24,authorized/2026-09-24/20260924_152911_anjali,anjali,cnn_attention,30,9.083393,1
2026-09-24,authorized/2026-09-24/20260924_152911_anjali,anjali,ensemble,30,9.083393,1
2026-09-24,authorized/2026-09-24/20260924_152911_anjali,anjali,svm,45,12.26751,1
2026-09-24,authorized/2026-09-24/20260924_152911_anjali,anjali,random_forest,45,12.26751,1
2026-09-24,authorized/2026-09-24/20260924_152911_anjali,anjali,hist_gradient_boost,45,12.26751,1
2026-09-24,authorized/2026-09-24/20260924_152911_anjali,anjali,cnn_bilstm,45,12.26751,1
2026-09-24,authorized/2026-09-24/20260924_152911_anjali,anjali,cnn_attention,45,12.26751,1
2026-09-24,authorized/2026-09-24/20260924_152911_anjali,anjali,ensemble,45,12.26751,1
2026-09-24,authorized/2026-09-24/20260924_152911_anjali,anjali,svm,60,15.049506,1
2026-09-24,authorized/2026-09-24/20260924_152911_anjali,anjali,random_forest,60,15.049506,1
2026-09-24,authorized/2026-09-24/20260924_152911_anjali,anjali,hist_gradient_boost,60,15.049506,1
2026-09-24,authorized/2026-09-24/20260924_152911_anjali,anjali,cnn_bilstm,60,15.049506,1
2026-09-24,authorized/2026-09-24/20260924_152911_anjali,anjali,cnn_attention,60,15.049506,1
2026-09-24,authorized/2026-09-24/20260924_152911_anjali,anjali,ensemble,60,15.049506,1
2026-09-24,authorized/2026-09-24/20260924_152911_anjali,anjali,svm,90,20.955327,1
2026-09-24,authorized/2026-09-24/20260924_152911_anjali,anjali,random_forest,90,20.955327,1
2026-09-24,authorized/2026-09-24/20260924_152911_anjali,anjali,hist_gradient_boost,90,20.955327,1
2026-09-24,authorized/2026-09-24/20260924_152911_anjali,anjali,cnn_bilstm,90,20.955327,1
2026-09-24,authorized/2026-09-24/20260924_152911_anjali,anjali,cnn_attention,90,20.955327,1
2026-09-24,authorized/2026-09-24/20260924_152911_anjali,anjali,ensemble,90,20.955327,1
2026-09-24,authorized/2026-09-24/20260924_152911_anjali,anjali,svm,120,26.689255,1
2026-09-24,authorized/2026-09-24/20260924_152911_anjali,anjali,random_forest,120,26.689255,1
2026-09-24,authorized/2026-09-24/20260924_152911_anjali,anjali,hist_gradient_boost,120,26.689255,1
2026-09-24,authorized/2026-09-24/20260924_152911_anjali,anjali,cnn_bilstm,120,26.689255,1
2026-09-24,authorized/2026-09-24/20260924_152911_anjali,anjali,cnn_attention,120,26.689255,1
2026-09-24,authorized/2026-09-24/20260924_152911_anjali,anjali,ensemble,120,26.689255,1
2026-09-24,authorized/2026-09-24/20260924_152911_anjali,anjali,svm,150,32.316423,1
2026-09-24,authorized/2026-09-24/20260924_152911_anjali,anjali,random_forest,150,32.316423,1
2026-09-24,authorized/2026-09-24/20260924_152911_anjali,anjali,hist_gradient_boost,150,32.316423,1
2026-09-24,authorized/2026-09-24/20260924_152911_anjali,anjali,cnn_bilstm,150,32.316423,1
2026-09-24,authorized/2026-09-24/20260924_152911_anjali,anjali,cnn_attention,150,32.316423,1
2026-09-24,authorized/2026-09-24/20260924_152911_anjali,anjali,ensemble,150,32.316423,1
2026-09-24,authorized/2026-09-24/20260924_152911_anjali,anjali,svm,200,41.566659,1
2026-09-24,authorized/2026-09-24/20260924_152911_anjali,anjali,random_forest,200,41.566659,1
2026-09-24,authorized/2026-09-24/20260924_152911_anjali,anjali,hist_gradient_boost,200,41.566659,1
2026-09-24,authorized/2026-09-24/20260924_152911_anjali,anjali,cnn_bilstm,200,41.566659,1
2026-09-24,authorized/2026-09-24/20260924_152911_anjali,anjali,cnn_attention,200,41.566659,1
2026-09-24,authorized/2026-09-24/20260924_152911_anjali,anjali,ensemble,200,41.566659,1
2026-09-24,authorized/2026-09-24/20260924_152911_anjali,anjali,svm,300,61.882482,1
2026-09-24,authorized/2026-09-24/20260924_152911_anjali,anjali,random_forest,300,61.882482,1
2026-09-24,authorized/2026-09-24/20260924_152911_anjali,anjali,hist_gradient_boost,300,61.882482,1
2026-09-24,authorized/2026-09-24/20260924_152911_anjali,anjali,cnn_bilstm,300,61.882482,1
2026-09-24,authorized/2026-09-24/20260924_152911_anjali,anjali,cnn_attention,300,61.882482,1
2026-09-24,authorized/2026-09-24/20260924_152911_anjali,anjali,ensemble,300,61.882482,1
2026-09-24,authorized/2026-09-24/20260924_153543_anjali,anjali,svm,10,-260.933351,1
2026-09-24,authorized/2026-09-24/20260924_153543_anjali,anjali,random_forest,10,-260.933351,1
2026-09-24,authorized/2026-09-24/20260924_153543_anjali,anjali,hist_gradient_boost,10,-260.933351,1
2026-09-24,authorized/2026-09-24/20260924_153543_anjali,anjali,cnn_bilstm,10,-260.933351,1
2026-09-24,authorized/2026-09-24/20260924_153543_anjali,anjali,cnn_attention,10,-260.933351,1
2026-09-24,authorized/2026-09-24/20260924_153543_anjali,anjali,ensemble,10,-260.933351,1
2026-09-24,authorized/2026-09-24/20260924_153543_anjali,anjali,svm,30,-256.93299,1
2026-09-24,authorized/2026-09-24/20260924_153543_anjali,anjali,random_forest,30,-256.93299,1
2026-09-24,authorized/2026-09-24/20260924_153543_anjali,anjali,hist_gradient_boost,30,-256.93299,1
2026-09-24,authorized/2026-09-24/20260924_153543_anjali,anjali,cnn_bilstm,30,-256.93299,1
2026-09-24,authorized/2026-09-24/20260924_153543_anjali,anjali,cnn_attention,30,-256.93299,1
2026-09-24,authorized/2026-09-24/20260924_153543_anjali,anjali,ensemble,30,-256.93299,1
2026-09-24,authorized/2026-09-24/20260924_153543_anjali,anjali,svm,45,-253.171685,1
2026-09-24,authorized/2026-09-24/20260924_153543_anjali,anjali,random_forest,45,-253.171685,1
2026-09-24,authorized/2026-09-24/20260924_153543_anjali,anjali,hist_gradient_boost,45,-253.171685,1
2026-09-24,authorized/2026-09-24/20260924_153543_anjali,anjali,cnn_bilstm,45,-253.171685,1
2026-09-24,authorized/2026-09-24/20260924_153543_anjali,anjali,cnn_attention,45,-253.171685,1
2026-09-24,authorized/2026-09-24/20260924_153543_anjali,anjali,ensemble,45,-253.171685,1
2026-09-24,authorized/2026-09-24/20260924_153543_anjali,anjali,svm,60,-250.480547,1
2026-09-24,authorized/2026-09-24/20260924_153543_anjali,anjali,random_forest,60,-250.480547,1
2026-09-24,authorized/2026-09-24/20260924_153543_anjali,anjali,hist_gradient_boost,60,-250.480547,1
2026-09-24,authorized/2026-09-24/20260924_153543_anjali,anjali,cnn_bilstm,60,-250.480547,1
2026-09-24,authorized/2026-09-24/20260924_153543_anjali,anjali,cnn_attention,60,-250.480547,1
2026-09-24,authorized/2026-09-24/20260924_153543_anjali,anjali,ensemble,60,-250.480547,1
2026-09-24,authorized/2026-09-24/20260924_153543_anjali,anjali,svm,90,-244.56088,1
2026-09-24,authorized/2026-09-24/20260924_153543_anjali,anjali,random_forest,90,-244.56088,1
2026-09-24,authorized/2026-09-24/20260924_153543_anjali,anjali,hist_gradient_boost,90,-244.56088,1
2026-09-24,authorized/2026-09-24/20260924_153543_anjali,anjali,cnn_bilstm,90,-244.56088,1
2026-09-24,authorized/2026-09-24/20260924_153543_anjali,anjali,cnn_attention,90,-244.56088,1
2026-09-24,authorized/2026-09-24/20260924_153543_anjali,anjali,ensemble,90,-244.56088,1
2026-09-24,authorized/2026-09-24/20260924_153543_anjali,anjali,svm,120,-239.188708,1
2026-09-24,authorized/2026-09-24/20260924_153543_anjali,anjali,random_forest,120,-239.188708,1
2026-09-24,authorized/2026-09-24/20260924_153543_anjali,anjali,hist_gradient_boost,120,-239.188708,1
2026-09-24,authorized/2026-09-24/20260924_153543_anjali,anjali,cnn_bilstm,120,-239.188708,1
2026-09-24,authorized/2026-09-24/20260924_153543_anjali,anjali,cnn_attention,120,-239.188708,1
2026-09-24,authorized/2026-09-24/20260924_153543_anjali,anjali,ensemble,120,-239.188708,1
2026-09-24,authorized/2026-09-24/20260924_153543_anjali,anjali,svm,150,-233.664711,1
2026-09-24,authorized/2026-09-24/20260924_153543_anjali,anjali,random_forest,150,-233.664711,1
2026-09-24,authorized/2026-09-24/20260924_153543_anjali,anjali,hist_gradient_boost,150,-233.664711,1
2026-09-24,authorized/2026-09-24/20260924_153543_anjali,anjali,cnn_bilstm,150,-233.664711,1
2026-09-24,authorized/2026-09-24/20260924_153543_anjali,anjali,cnn_attention,150,-233.664711,1
2026-09-24,authorized/2026-09-24/20260924_153543_anjali,anjali,ensemble,150,-233.664711,1
2026-09-24,authorized/2026-09-24/20260924_153543_anjali,anjali,svm,200,-224.519204,1
2026-09-24,authorized/2026-09-24/20260924_153543_anjali,anjali,random_forest,200,-224.519204,1
2026-09-24,authorized/2026-09-24/20260924_153543_anjali,anjali,hist_gradient_boost,200,-224.519204,1
2026-09-24,authorized/2026-09-24/20260924_153543_anjali,anjali,cnn_bilstm,200,-224.519204,1
2026-09-24,authorized/2026-09-24/20260924_153543_anjali,anjali,cnn_attention,200,-224.519204,1
2026-09-24,authorized/2026-09-24/20260924_153543_anjali,anjali,ensemble,200,-224.519204,1
2026-09-24,authorized/2026-09-24/20260924_153543_anjali,anjali,svm,300,-204.654282,1
2026-09-24,authorized/2026-09-24/20260924_153543_anjali,anjali,random_forest,300,-204.654282,1
2026-09-24,authorized/2026-09-24/20260924_153543_anjali,anjali,hist_gradient_boost,300,-204.654282,1
2026-09-24,authorized/2026-09-24/20260924_153543_anjali,anjali,cnn_bilstm,300,-204.654282,1
2026-09-24,authorized/2026-09-24/20260924_153543_anjali,anjali,cnn_attention,300,-204.654282,1
2026-09-24,authorized/2026-09-24/20260924_153543_anjali,anjali,ensemble,300,-204.654282,1
2026-09-24,authorized/2026-09-24/20260924_164118_anjali,anjali,svm,10,2.175805,1
2026-09-24,authorized/2026-09-24/20260924_164118_anjali,anjali,random_forest,10,2.175805,1
2026-09-24,authorized/2026-09-24/20260924_164118_anjali,anjali,hist_gradient_boost,10,2.175805,1
2026-09-24,authorized/2026-09-24/20260924_164118_anjali,anjali,cnn_bilstm,10,2.175805,0
2026-09-24,authorized/2026-09-24/20260924_164118_anjali,anjali,cnn_attention,10,2.175805,0
2026-09-24,authorized/2026-09-24/20260924_164118_anjali,anjali,ensemble,10,2.175805,1
2026-09-24,authorized/2026-09-24/20260924_164118_anjali,anjali,svm,30,6.064355,1
2026-09-24,authorized/2026-09-24/20260924_164118_anjali,anjali,random_forest,30,6.064355,1
2026-09-24,authorized/2026-09-24/20260924_164118_anjali,anjali,hist_gradient_boost,30,6.064355,1
2026-09-24,authorized/2026-09-24/20260924_164118_anjali,anjali,cnn_bilstm,30,6.064355,1
2026-09-24,authorized/2026-09-24/20260924_164118_anjali,anjali,cnn_attention,30,6.064355,1
2026-09-24,authorized/2026-09-24/20260924_164118_anjali,anjali,ensemble,30,6.064355,1
2026-09-24,authorized/2026-09-24/20260924_164118_anjali,anjali,svm,45,8.975534,1
2026-09-24,authorized/2026-09-24/20260924_164118_anjali,anjali,random_forest,45,8.975534,1
2026-09-24,authorized/2026-09-24/20260924_164118_anjali,anjali,hist_gradient_boost,45,8.975534,1
2026-09-24,authorized/2026-09-24/20260924_164118_anjali,anjali,cnn_bilstm,45,8.975534,1
2026-09-24,authorized/2026-09-24/20260924_164118_anjali,anjali,cnn_attention,45,8.975534,1
2026-09-24,authorized/2026-09-24/20260924_164118_anjali,anjali,ensemble,45,8.975534,1
2026-09-24,authorized/2026-09-24/20260924_164118_anjali,anjali,svm,60,14.115986,1
2026-09-24,authorized/2026-09-24/20260924_164118_anjali,anjali,random_forest,60,14.115986,1
2026-09-24,authorized/2026-09-24/20260924_164118_anjali,anjali,hist_gradient_boost,60,14.115986,1
2026-09-24,authorized/2026-09-24/20260924_164118_anjali,anjali,cnn_bilstm,60,14.115986,1
2026-09-24,authorized/2026-09-24/20260924_164118_anjali,anjali,cnn_attention,60,14.115986,1
2026-09-24,authorized/2026-09-24/20260924_164118_anjali,anjali,ensemble,60,14.115986,1
2026-09-24,authorized/2026-09-24/20260924_164118_anjali,anjali,svm,90,19.69383,1
2026-09-24,authorized/2026-09-24/20260924_164118_anjali,anjali,random_forest,90,19.69383,1
2026-09-24,authorized/2026-09-24/20260924_164118_anjali,anjali,hist_gradient_boost,90,19.69383,1
2026-09-24,authorized/2026-09-24/20260924_164118_anjali,anjali,cnn_bilstm,90,19.69383,1
2026-09-24,authorized/2026-09-24/20260924_164118_anjali,anjali,cnn_attention,90,19.69383,1
2026-09-24,authorized/2026-09-24/20260924_164118_anjali,anjali,ensemble,90,19.69383,1
2026-09-24,authorized/2026-09-24/20260924_164118_anjali,anjali,svm,120,25.173806,1
2026-09-24,authorized/2026-09-24/20260924_164118_anjali,anjali,random_forest,120,25.173806,1
2026-09-24,authorized/2026-09-24/20260924_164118_anjali,anjali,hist_gradient_boost,120,25.173806,1
2026-09-24,authorized/2026-09-24/20260924_164118_anjali,anjali,cnn_bilstm,120,25.173806,1
2026-09-24,authorized/2026-09-24/20260924_164118_anjali,anjali,cnn_attention,120,25.173806,1
2026-09-24,authorized/2026-09-24/20260924_164118_anjali,anjali,ensemble,120,25.173806,1
2026-09-24,authorized/2026-09-24/20260924_164118_anjali,anjali,svm,150,30.800589,1
2026-09-24,authorized/2026-09-24/20260924_164118_anjali,anjali,random_forest,150,30.800589,1
2026-09-24,authorized/2026-09-24/20260924_164118_anjali,anjali,hist_gradient_boost,150,30.800589,1
2026-09-24,authorized/2026-09-24/20260924_164118_anjali,anjali,cnn_bilstm,150,30.800589,1
2026-09-24,authorized/2026-09-24/20260924_164118_anjali,anjali,cnn_attention,150,30.800589,1
2026-09-24,authorized/2026-09-24/20260924_164118_anjali,anjali,ensemble,150,30.800589,1
2026-09-24,authorized/2026-09-24/20260924_164118_anjali,anjali,svm,200,39.733558,1
2026-09-24,authorized/2026-09-24/20260924_164118_anjali,anjali,random_forest,200,39.733558,1
2026-09-24,authorized/2026-09-24/20260924_164118_anjali,anjali,hist_gradient_boost,200,39.733558,1
2026-09-24,authorized/2026-09-24/20260924_164118_anjali,anjali,cnn_bilstm,200,39.733558,1
2026-09-24,authorized/2026-09-24/20260924_164118_anjali,anjali,cnn_attention,200,39.733558,1
2026-09-24,authorized/2026-09-24/20260924_164118_anjali,anjali,ensemble,200,39.733558,1
2026-09-24,authorized/2026-09-24/20260924_164118_anjali,anjali,svm,300,61.209751,1
2026-09-24,authorized/2026-09-24/20260924_164118_anjali,anjali,random_forest,300,61.209751,1
2026-09-24,authorized/2026-09-24/20260924_164118_anjali,anjali,hist_gradient_boost,300,61.209751,1
2026-09-24,authorized/2026-09-24/20260924_164118_anjali,anjali,cnn_bilstm,300,61.209751,1
2026-09-24,authorized/2026-09-24/20260924_164118_anjali,anjali,cnn_attention,300,61.209751,1
2026-09-24,authorized/2026-09-24/20260924_164118_anjali,anjali,ensemble,300,61.209751,1
2026-09-24,authorized/2026-09-24/20260924_165513_barath,barath,svm,10,2.500118,0
2026-09-24,authorized/2026-09-24/20260924_165513_barath,barath,random_forest,10,2.500118,0
2026-09-24,authorized/2026-09-24/20260924_165513_barath,barath,hist_gradient_boost,10,2.500118,0
2026-09-24,authorized/2026-09-24/20260924_165513_barath,barath,cnn_bilstm,10,2.500118,0
2026-09-24,authorized/2026-09-24/20260924_165513_barath,barath,cnn_attention,10,2.500118,0
2026-09-24,authorized/2026-09-24/20260924_165513_barath,barath,ensemble,10,2.500118,0
2026-09-24,authorized/2026-09-24/20260924_165513_barath,barath,svm,30,6.274999,1
2026-09-24,authorized/2026-09-24/20260924_165513_barath,barath,random_forest,30,6.274999,0
2026-09-24,authorized/2026-09-24/20260924_165513_barath,barath,hist_gradient_boost,30,6.274999,0
2026-09-24,authorized/2026-09-24/20260924_165513_barath,barath,cnn_bilstm,30,6.274999,0
2026-09-24,authorized/2026-09-24/20260924_165513_barath,barath,cnn_attention,30,6.274999,1
2026-09-24,authorized/2026-09-24/20260924_165513_barath,barath,ensemble,30,6.274999,0
2026-09-24,authorized/2026-09-24/20260924_165513_barath,barath,svm,45,8.646646,1
2026-09-24,authorized/2026-09-24/20260924_165513_barath,barath,random_forest,45,8.646646,0
2026-09-24,authorized/2026-09-24/20260924_165513_barath,barath,hist_gradient_boost,45,8.646646,0
2026-09-24,authorized/2026-09-24/20260924_165513_barath,barath,cnn_bilstm,45,8.646646,1
2026-09-24,authorized/2026-09-24/20260924_165513_barath,barath,cnn_attention,45,8.646646,1
2026-09-24,authorized/2026-09-24/20260924_165513_barath,barath,ensemble,45,8.646646,1
2026-09-24,authorized/2026-09-24/20260924_165513_barath,barath,svm,60,11.534478,1
2026-09-24,authorized/2026-09-24/20260924_165513_barath,barath,random_forest,60,11.534478,0
2026-09-24,authorized/2026-09-24/20260924_165513_barath,barath,hist_gradient_boost,60,11.534478,0
2026-09-24,authorized/2026-09-24/20260924_165513_barath,barath,cnn_bilstm,60,11.534478,1
2026-09-24,authorized/2026-09-24/20260924_165513_barath,barath,cnn_attention,60,11.534478,1
2026-09-24,authorized/2026-09-24/20260924_165513_barath,barath,ensemble,60,11.534478,1
2026-09-24,authorized/2026-09-24/20260924_165513_barath,barath,svm,90,16.779373,1
2026-09-24,authorized/2026-09-24/20260924_165513_barath,barath,random_forest,90,16.779373,0
2026-09-24,authorized/2026-09-24/20260924_165513_barath,barath,hist_gradient_boost,90,16.779373,1
2026-09-24,authorized/2026-09-24/20260924_165513_barath,barath,cnn_bilstm,90,16.779373,1
2026-09-24,authorized/2026-09-24/20260924_165513_barath,barath,cnn_attention,90,16.779373,1
2026-09-24,authorized/2026-09-24/20260924_165513_barath,barath,ensemble,90,16.779373,1
2026-09-24,authorized/2026-09-24/20260924_165513_barath,barath,svm,120,22.917363,1
2026-09-24,authorized/2026-09-24/20260924_165513_barath,barath,random_forest,120,22.917363,1
2026-09-24,authorized/2026-09-24/20260924_165513_barath,barath,hist_gradient_boost,120,22.917363,1
2026-09-24,authorized/2026-09-24/20260924_165513_barath,barath,cnn_bilstm,120,22.917363,1
2026-09-24,authorized/2026-09-24/20260924_165513_barath,barath,cnn_attention,120,22.917363,1
2026-09-24,authorized/2026-09-24/20260924_165513_barath,barath,ensemble,120,22.917363,1
2026-09-24,authorized/2026-09-24/20260924_165513_barath,barath,svm,150,28.336699,1
2026-09-24,authorized/2026-09-24/20260924_165513_barath,barath,random_forest,150,28.336699,1
2026-09-24,authorized/2026-09-24/20260924_165513_barath,barath,hist_gradient_boost,150,28.336699,1
2026-09-24,authorized/2026-09-24/20260924_165513_barath,barath,cnn_bilstm,150,28.336699,1
2026-09-24,authorized/2026-09-24/20260924_165513_barath,barath,cnn_attention,150,28.336699,1
2026-09-24,authorized/2026-09-24/20260924_165513_barath,barath,ensemble,150,28.336699,1
2026-09-24,authorized/2026-09-24/20260924_165513_barath,barath,svm,200,40.065233,1
2026-09-24,authorized/2026-09-24/20260924_165513_barath,barath,random_forest,200,40.065233,1
2026-09-24,authorized/2026-09-24/20260924_165513_barath,barath,hist_gradient_boost,200,40.065233,1
2026-09-24,authorized/2026-09-24/20260924_165513_barath,barath,cnn_bilstm,200,40.065233,1
2026-09-24,authorized/2026-09-24/20260924_165513_barath,barath,cnn_attention,200,40.065233,1
2026-09-24,authorized/2026-09-24/20260924_165513_barath,barath,ensemble,200,40.065233,1
2026-09-24,authorized/2026-09-24/20260924_165513_barath,barath,svm,300,62.893,1
2026-09-24,authorized/2026-09-24/20260924_165513_barath,barath,random_forest,300,62.893,1
2026-09-24,authorized/2026-09-24/20260924_165513_barath,barath,hist_gradient_boost,300,62.893,1
2026-09-24,authorized/2026-09-24/20260924_165513_barath,barath,cnn_bilstm,300,62.893,1
2026-09-24,authorized/2026-09-24/20260924_165513_barath,barath,cnn_attention,300,62.893,1
2026-09-24,authorized/2026-09-24/20260924_165513_barath,barath,ensemble,300,62.893,1
2026-09-24,authorized/2026-09-24/20260924_172154_barath,barath,svm,10,2.329682,1
2026-09-24,authorized/2026-09-24/20260924_172154_barath,barath,random_forest,10,2.329682,0
2026-09-24,authorized/2026-09-24/20260924_172154_barath,barath,hist_gradient_boost,10,2.329682,0
2026-09-24,authorized/2026-09-24/20260924_172154_barath,barath,cnn_bilstm,10,2.329682,1
2026-09-24,authorized/2026-09-24/20260924_172154_barath,barath,cnn_attention,10,2.329682,1
2026-09-24,authorized/2026-09-24/20260924_172154_barath,barath,ensemble,10,2.329682,0
2026-09-24,authorized/2026-09-24/20260924_172154_barath,barath,svm,30,7.888317,0
2026-09-24,authorized/2026-09-24/20260924_172154_barath,barath,random_forest,30,7.888317,0
2026-09-24,authorized/2026-09-24/20260924_172154_barath,barath,hist_gradient_boost,30,7.888317,0
2026-09-24,authorized/2026-09-24/20260924_172154_barath,barath,cnn_bilstm,30,7.888317,0
2026-09-24,authorized/2026-09-24/20260924_172154_barath,barath,cnn_attention,30,7.888317,1
2026-09-24,authorized/2026-09-24/20260924_172154_barath,barath,ensemble,30,7.888317,0
2026-09-24,authorized/2026-09-24/20260924_172154_barath,barath,svm,45,10.812695,1
2026-09-24,authorized/2026-09-24/20260924_172154_barath,barath,random_forest,45,10.812695,0
2026-09-24,authorized/2026-09-24/20260924_172154_barath,barath,hist_gradient_boost,45,10.812695,0
2026-09-24,authorized/2026-09-24/20260924_172154_barath,barath,cnn_bilstm,45,10.812695,0
2026-09-24,authorized/2026-09-24/20260924_172154_barath,barath,cnn_attention,45,10.812695,1
2026-09-24,authorized/2026-09-24/20260924_172154_barath,barath,ensemble,45,10.812695,0
2026-09-24,authorized/2026-09-24/20260924_172154_barath,barath,svm,60,13.61237,1
2026-09-24,authorized/2026-09-24/20260924_172154_barath,barath,random_forest,60,13.61237,0
2026-09-24,authorized/2026-09-24/20260924_172154_barath,barath,hist_gradient_boost,60,13.61237,0
2026-09-24,authorized/2026-09-24/20260924_172154_barath,barath,cnn_bilstm,60,13.61237,0
2026-09-24,authorized/2026-09-24/20260924_172154_barath,barath,cnn_attention,60,13.61237,1
2026-09-24,authorized/2026-09-24/20260924_172154_barath,barath,ensemble,60,13.61237,0
2026-09-24,authorized/2026-09-24/20260924_172154_barath,barath,svm,90,19.259626,1
2026-09-24,authorized/2026-09-24/20260924_172154_barath,barath,random_forest,90,19.259626,0
2026-09-24,authorized/2026-09-24/20260924_172154_barath,barath,hist_gradient_boost,90,19.259626,0
2026-09-24,authorized/2026-09-24/20260924_172154_barath,barath,cnn_bilstm,90,19.259626,0
2026-09-24,authorized/2026-09-24/20260924_172154_barath,barath,cnn_attention,90,19.259626,1
2026-09-24,authorized/2026-09-24/20260924_172154_barath,barath,ensemble,90,19.259626,0
2026-09-24,authorized/2026-09-24/20260924_172154_barath,barath,svm,120,24.592766,1
2026-09-24,authorized/2026-09-24/20260924_172154_barath,barath,random_forest,120,24.592766,0
2026-09-24,authorized/2026-09-24/20260924_172154_barath,barath,hist_gradient_boost,120,24.592766,0
2026-09-24,authorized/2026-09-24/20260924_172154_barath,barath,cnn_bilstm,120,24.592766,1
2026-09-24,authorized/2026-09-24/20260924_172154_barath,barath,cnn_attention,120,24.592766,1
2026-09-24,authorized/2026-09-24/20260924_172154_barath,barath,ensemble,120,24.592766,1
2026-09-24,authorized/2026-09-24/20260924_172154_barath,barath,svm,150,30.03946,1
2026-09-24,authorized/2026-09-24/20260924_172154_barath,barath,random_forest,150,30.03946,0
2026-09-24,authorized/2026-09-24/20260924_172154_barath,barath,hist_gradient_boost,150,30.03946,0
2026-09-24,authorized/2026-09-24/20260924_172154_barath,barath,cnn_bilstm,150,30.03946,1
2026-09-24,authorized/2026-09-24/20260924_172154_barath,barath,cnn_attention,150,30.03946,1
2026-09-24,authorized/2026-09-24/20260924_172154_barath,barath,ensemble,150,30.03946,1
2026-09-24,authorized/2026-09-24/20260924_172154_barath,barath,svm,200,42.411326,1
2026-09-24,authorized/2026-09-24/20260924_172154_barath,barath,random_forest,200,42.411326,0
2026-09-24,authorized/2026-09-24/20260924_172154_barath,barath,hist_gradient_boost,200,42.411326,0
2026-09-24,authorized/2026-09-24/20260924_172154_barath,barath,cnn_bilstm,200,42.411326,1
2026-09-24,authorized/2026-09-24/20260924_172154_barath,barath,cnn_attention,200,42.411326,1
2026-09-24,authorized/2026-09-24/20260924_172154_barath,barath,ensemble,200,42.411326,1
2026-09-24,authorized/2026-09-24/20260924_172154_barath,barath,svm,300,61.715409,1
2026-09-24,authorized/2026-09-24/20260924_172154_barath,barath,random_forest,300,61.715409,0
2026-09-24,authorized/2026-09-24/20260924_172154_barath,barath,hist_gradient_boost,300,61.715409,0
2026-09-24,authorized/2026-09-24/20260924_172154_barath,barath,cnn_bilstm,300,61.715409,1
2026-09-24,authorized/2026-09-24/20260924_172154_barath,barath,cnn_attention,300,61.715409,1
2026-09-24,authorized/2026-09-24/20260924_172154_barath,barath,ensemble,300,61.715409,1
2026-09-24,authorized/2026-09-24/20260924_173227_barath,barath,svm,10,-189.703262,0
2026-09-24,authorized/2026-09-24/20260924_173227_barath,barath,random_forest,10,-189.703262,0
2026-09-24,authorized/2026-09-24/20260924_173227_barath,barath,hist_gradient_boost,10,-189.703262,0
2026-09-24,authorized/2026-09-24/20260924_173227_barath,barath,cnn_bilstm,10,-189.703262,1
2026-09-24,authorized/2026-09-24/20260924_173227_barath,barath,cnn_attention,10,-189.703262,1
2026-09-24,authorized/2026-09-24/20260924_173227_barath,barath,ensemble,10,-189.703262,0
2026-09-24,authorized/2026-09-24/20260924_173227_barath,barath,svm,30,-186.097219,1
2026-09-24,authorized/2026-09-24/20260924_173227_barath,barath,random_forest,30,-186.097219,1
2026-09-24,authorized/2026-09-24/20260924_173227_barath,barath,hist_gradient_boost,30,-186.097219,1
2026-09-24,authorized/2026-09-24/20260924_173227_barath,barath,cnn_bilstm,30,-186.097219,1
2026-09-24,authorized/2026-09-24/20260924_173227_barath,barath,cnn_attention,30,-186.097219,1
2026-09-24,authorized/2026-09-24/20260924_173227_barath,barath,ensemble,30,-186.097219,1
2026-09-24,authorized/2026-09-24/20260924_173227_barath,barath,svm,45,-183.497314,1
2026-09-24,authorized/2026-09-24/20260924_173227_barath,barath,random_forest,45,-183.497314,1
2026-09-24,authorized/2026-09-24/20260924_173227_barath,barath,hist_gradient_boost,45,-183.497314,1
2026-09-24,authorized/2026-09-24/20260924_173227_barath,barath,cnn_bilstm,45,-183.497314,1
2026-09-24,authorized/2026-09-24/20260924_173227_barath,barath,cnn_attention,45,-183.497314,1
2026-09-24,authorized/2026-09-24/20260924_173227_barath,barath,ensemble,45,-183.497314,1
2026-09-24,authorized/2026-09-24/20260924_173227_barath,barath,svm,60,-180.856431,0
2026-09-24,authorized/2026-09-24/20260924_173227_barath,barath,random_forest,60,-180.856431,0
2026-09-24,authorized/2026-09-24/20260924_173227_barath,barath,hist_gradient_boost,60,-180.856431,0
2026-09-24,authorized/2026-09-24/20260924_173227_barath,barath,cnn_bilstm,60,-180.856431,1
2026-09-24,authorized/2026-09-24/20260924_173227_barath,barath,cnn_attention,60,-180.856431,1
2026-09-24,authorized/2026-09-24/20260924_173227_barath,barath,ensemble,60,-180.856431,1
2026-09-24,authorized/2026-09-24/20260924_173227_barath,barath,svm,90,-175.784531,1
2026-09-24,authorized/2026-09-24/20260924_173227_barath,barath,random_forest,90,-175.784531,0
2026-09-24,authorized/2026-09-24/20260924_173227_barath,barath,hist_gradient_boost,90,-175.784531,0
2026-09-24,authorized/2026-09-24/20260924_173227_barath,barath,cnn_bilstm,90,-175.784531,0
2026-09-24,authorized/2026-09-24/20260924_173227_barath,barath,cnn_attention,90,-175.784531,1
2026-09-24,authorized/2026-09-24/20260924_173227_barath,barath,ensemble,90,-175.784531,1
2026-09-24,authorized/2026-09-24/20260924_173227_barath,barath,svm,120,-170.920309,1
2026-09-24,authorized/2026-09-24/20260924_173227_barath,barath,random_forest,120,-170.920309,0
2026-09-24,authorized/2026-09-24/20260924_173227_barath,barath,hist_gradient_boost,120,-170.920309,0
2026-09-24,authorized/2026-09-24/20260924_173227_barath,barath,cnn_bilstm,120,-170.920309,1
2026-09-24,authorized/2026-09-24/20260924_173227_barath,barath,cnn_attention,120,-170.920309,1
2026-09-24,authorized/2026-09-24/20260924_173227_barath,barath,ensemble,120,-170.920309,1
2026-09-24,authorized/2026-09-24/20260924_173227_barath,barath,svm,150,-165.974698,1
2026-09-24,authorized/2026-09-24/20260924_173227_barath,barath,random_forest,150,-165.974698,0
2026-09-24,authorized/2026-09-24/20260924_173227_barath,barath,hist_gradient_boost,150,-165.974698,0
2026-09-24,authorized/2026-09-24/20260924_173227_barath,barath,cnn_bilstm,150,-165.974698,1
2026-09-24,authorized/2026-09-24/20260924_173227_barath,barath,cnn_attention,150,-165.974698,1
2026-09-24,authorized/2026-09-24/20260924_173227_barath,barath,ensemble,150,-165.974698,1
2026-09-24,authorized/2026-09-24/20260924_173227_barath,barath,svm,200,-156.101466,1
2026-09-24,authorized/2026-09-24/20260924_173227_barath,barath,random_forest,200,-156.101466,0
2026-09-24,authorized/2026-09-24/20260924_173227_barath,barath,hist_gradient_boost,200,-156.101466,0
2026-09-24,authorized/2026-09-24/20260924_173227_barath,barath,cnn_bilstm,200,-156.101466,1
2026-09-24,authorized/2026-09-24/20260924_173227_barath,barath,cnn_attention,200,-156.101466,1
2026-09-24,authorized/2026-09-24/20260924_173227_barath,barath,ensemble,200,-156.101466,1
2026-09-24,authorized/2026-09-24/20260924_173227_barath,barath,svm,300,-139.525638,1
2026-09-24,authorized/2026-09-24/20260924_173227_barath,barath,random_forest,300,-139.525638,0
2026-09-24,authorized/2026-09-24/20260924_173227_barath,barath,hist_gradient_boost,300,-139.525638,0
2026-09-24,authorized/2026-09-24/20260924_173227_barath,barath,cnn_bilstm,300,-139.525638,1
2026-09-24,authorized/2026-09-24/20260924_173227_barath,barath,cnn_attention,300,-139.525638,1
2026-09-24,authorized/2026-09-24/20260924_173227_barath,barath,ensemble,300,-139.525638,1
